,Artist,Artist_Id,Compilation_Name,Compilation_Id,Track_Title,Track_Id,danceability,energy,key,loudness,mode,speechiness,acousticness,instrumentalness,liveness,valence,tempo,duration_ms,time_signature
0,Click-B,2kOGSFThgEzPEjL4fFB25w,The Best Of Click-B,7v8ud1pc0Y9xvPGFtVJYbO,스캔들,5ylUgQPsprPXqbj40qbY76,0.765,0.877,10,-4.082,0,0.0614,0.0185,1.85e-05,0.0982,0.933,102.038,204760,4
1,Click-B,2kOGSFThgEzPEjL4fFB25w,The Best Of Click-B,7v8ud1pc0Y9xvPGFtVJYbO,보라빛향기,7GfcHqyVb9VdHBGHhTcYuU,0.321,0.887,7,-4.371,1,0.237,0.00455,0.0,0.288,0.275,78.301,191107,4
2,Click-B,2kOGSFThgEzPEjL4fFB25w,The Best Of Click-B,7v8ud1pc0Y9xvPGFtVJYbO,Never Say,5WwkjpQCnMvLAGYnXwCgWb,0.57,0.956,6,-5.014,1,0.064,0.00292,0.0,0.282,0.834,144.994,214427,4
3,Click-B,2kOGSFThgEzPEjL4fFB25w,The Best Of Click-B,7v8ud1pc0Y9xvPGFtVJYbO,단한번만...,453ZYLlY6PSIuvqMrI9Bn6,0.676,0.404,9,-7.232,0,0.0909,0.171,0.000391,0.133,0.673,68.011,247907,4
4,Click-B,2kOGSFThgEzPEjL4fFB25w,The Best Of Click-B,7v8ud1pc0Y9xvPGFtVJYbO,Break It,4WrcbHIcp7ND1BwPCb5ota,0.548,0.912,9,-4.659,1,0.199,0.00195,0.0,0.154,0.311,98.039,250827,4
5,Click-B,2kOGSFThgEzPEjL4fFB25w,The Best Of Click-B,7v8ud1pc0Y9xvPGFtVJYbO,환영문,7GM1Lo9s6kyI1rn2vPHp94,0.604,0.955,2,-4.646,1,0.0484,0.0127,1.03e-05,0.0691,0.565,116.02,258133,4
6,Click-B,2kOGSFThgEzPEjL4fFB25w,The Best Of Click-B,7v8ud1pc0Y9xvPGFtVJYbO,Cowboy,6WS11nF6DZl9LeMDTmJWpI,0.815,0.845,6,-3.799,0,0.183,0.04,0.0,0.304,0.793,96.986,209267,4
7,Click-B,2kOGSFThgEzPEjL4fFB25w,The Best Of Click-B,7v8ud1pc0Y9xvPGFtVJYbO,Love Letter,0fTqVwWqGbpFUe3bgJ9mHl,0.612,0.962,8,-4.688,1,0.0544,0.0235,0.000681,0.0831,0.853,102.003,222240,4
8,Click-B,2kOGSFThgEzPEjL4fFB25w,The Best Of Click-B,7v8ud1pc0Y9xvPGFtVJYbO,백전무패,1eR8EcfbPAYeHqvMsyEh2z,0.646,0.979,4,-3.51,0,0.0903,0.0521,0.0,0.191,0.684,102.001,265867,4
9,Click-B,2kOGSFThgEzPEjL4fFB25w,The Best Of Click-B,7v8ud1pc0Y9xvPGFtVJYbO,하늘아,1Qy4SrFeh1kaL2mtVBKbfB,0.559,0.907,7,-5.192,0,0.0389,0.00623,0.0,0.372,0.571,142.949,234187,4
10,Click-B,2kOGSFThgEzPEjL4fFB25w,The Best Of Click-B,7v8ud1pc0Y9xvPGFtVJYbO,Exit (For Your Way),0Pc9CMEB1wnBtwJxXsRo9A,0.479,0.813,2,-5.671,1,0.0386,0.0203,0.0,0.151,0.261,132.956,260267,4
11,Click-B,2kOGSFThgEzPEjL4fFB25w,The Best Of Click-B,7v8ud1pc0Y9xvPGFtVJYbO,Stocker,0JiS2zdwVLWMJJcvH8xM8v,0.6,0.835,5,-4.958,1,0.039,0.0925,0.0,0.155,0.552,103.946,251360,4
12,Click-B,2kOGSFThgEzPEjL4fFB25w,The Best Of Click-B,7v8ud1pc0Y9xvPGFtVJYbO,Dreaming,0najR49xZaymi9l5iWoSwT,0.571,0.963,1,-4.227,0,0.083,0.0016,1.8e-06,0.669,0.747,139.033,235640,4
13,Click-B,2kOGSFThgEzPEjL4fFB25w,The Best Of Click-B,7v8ud1pc0Y9xvPGFtVJYbO,행운,2suuOQZfDnF5z5WtA5Hqgo,0.414,0.769,7,-5.545,1,0.0426,0.308,0.0,0.114,0.536,187.873,242160,4
14,Click-B,2kOGSFThgEzPEjL4fFB25w,The Best Of Click-B,7v8ud1pc0Y9xvPGFtVJYbO,그대밖엔,6z72gECVTC1XrXbUi6epyq,0.696,0.865,7,-5.145,1,0.049,0.189,0.0,0.0763,0.8,124.963,226973,4
15,Click-B,2kOGSFThgEzPEjL4fFB25w,The Best Of Click-B,7v8ud1pc0Y9xvPGFtVJYbO,고쿠하쿠,6oszkBlna09PgzebGqRzBa,0.537,0.818,9,-5.041,1,0.0349,0.0567,0.0,0.204,0.628,203.875,248867,4
16,Click-B,2kOGSFThgEzPEjL4fFB25w,The Best Of Click-B,7v8ud1pc0Y9xvPGFtVJYbO,소요유,1mcvtv7Phi2j9Cbhqbt0Fp,0.253,0.274,10,-10.115,1,0.0344,0.829,3.14e-05,0.238,0.183,76.289,257893,4
17,Click-B,2kOGSFThgEzPEjL4fFB25w,The Best Of Click-B,7v8ud1pc0Y9xvPGFtVJYbO,To Be Continued,24u6dg7lEaXcDpgqeZzpqV,0.679,0.734,2,-7.666,0,0.0563,0.325,5.21e-06,0.108,0.734,90.049,251733,4
18,Click-B,2kOGSFThgEzPEjL4fFB25w,The Best Of Click-B,7v8ud1pc0Y9xvPGFtVJYbO,그리움,4EOWbWbX6CE5hH8nF9sco6,0.666,0.334,9,-7.722,1,0.0313,0.797,0.0,0.167,0.611,129.959,241373,4
19,Click-B,2kOGSFThgEzPEjL4fFB25w,The Best Of Click-B,7v8ud1pc0Y9xvPGFtVJYbO,영원,0f9RhtaGm3KB1FtipZAoyo,0.597,0.578,9,-6.744,1,0.0338,0.555,0.0,0.0546,0.511,129.909,257267,4
20,Click-B,2kOGSFThgEzPEjL4fFB25w,The Best Of Click-B,7v8ud1pc0Y9xvPGFtVJYbO,이별앞에서,1hD25k4LSX9u5AskL3d4cQ,0.677,0.795,0,-7.702,1,0.0341,0.28,0.00109,0.0513,0.729,105.008,246533,4
21,Click-B,2kOGSFThgEzPEjL4fFB25w,The Best Of Click-B,7v8ud1pc0Y9xvPGFtVJYbO,Good Bye,6R78j9VmH41qgI43ZEQ9fb,0.623,0.806,8,-4.85,1,0.0248,0.0307,0.0,0.535,0.622,92.024,249613,4
22,BoA,4muJrGMndyYWqZtfk8OWy4,BEST OF SOUL,0gxS6h33HGI5jEAgcMsTWA,LISTEN TO MY HEART,6LwWAyYUyZyBkrz2cIM1ks,0.677,0.875,10,-4.747,0,0.0803,0.0976,0.0,0.136,0.942,162.025,237400,4
23,BoA,4muJrGMndyYWqZtfk8OWy4,BEST OF SOUL,0gxS6h33HGI5jEAgcMsTWA,Amazing Kiss,7yYVoMQp93NnZgOprsGVJA,0.665,0.909,7,-4.95,1,0.0498,0.0971,0.0,0.059,0.762,100.178,271987,4
24,BoA,4muJrGMndyYWqZtfk8OWy4,BEST OF SOUL,0gxS6h33HGI5jEAgcMsTWA,気持ちはつたわる,6xNJza1Yt1SXZpzSKnAC34,0.64,0.842,10,-4.998,0,0.042,0.108,1.24e-06,0.0938,0.486,137.032,263013,4
25,BoA,4muJrGMndyYWqZtfk8OWy4,BEST OF SOUL,0gxS6h33HGI5jEAgcMsTWA,Every Heart-ミンナノキモチ-,55hT5qNzVssDEVlpnQy270,0.508,0.646,5,-5.993,1,0.0344,0.141,0.0,0.0858,0.395,141.975,272533,4
26,BoA,4muJrGMndyYWqZtfk8OWy4,BEST OF SOUL,0gxS6h33HGI5jEAgcMsTWA,VALENTI,0uK2eR1ZA87ywB7jTeV2pK,0.639,0.937,1,-3.567,1,0.0564,0.0386,0.0,0.255,0.892,104.051,259027,4
27,BoA,4muJrGMndyYWqZtfk8OWy4,BEST OF SOUL,0gxS6h33HGI5jEAgcMsTWA,奇蹟,4fVbeEssHctTSv9RpAcqrO,0.683,0.83,6,-6.78,0,0.0386,0.134,0.0,0.128,0.593,104.988,256987,4
28,BoA,4muJrGMndyYWqZtfk8OWy4,BEST OF SOUL,0gxS6h33HGI5jEAgcMsTWA,NO.1,7reZWvZ0AXDW22dLCGKbwL,0.681,0.891,1,-4.33,1,0.0761,0.0838,0.0,0.241,0.626,102.998,192213,4
29,BoA,4muJrGMndyYWqZtfk8OWy4,BEST OF SOUL,0gxS6h33HGI5jEAgcMsTWA,JEWEL SONG,46TSfwL6sT14X63Rz4NU9K,0.629,0.675,0,-5.71,1,0.028,0.061,0.0,0.256,0.303,112.044,322507,4
30,BoA,4muJrGMndyYWqZtfk8OWy4,BEST OF SOUL,0gxS6h33HGI5jEAgcMsTWA,Shine We Are!,4qLuZmoxgUP5v8ztyj3BsI,0.518,0.924,5,-4.295,0,0.0797,0.015,4.54e-06,0.157,0.792,199.989,303027,4
31,BoA,4muJrGMndyYWqZtfk8OWy4,BEST OF SOUL,0gxS6h33HGI5jEAgcMsTWA,DOUBLE,4Hg20K3vGB6b3Z6VwId0hw,0.699,0.938,7,-3.513,1,0.0703,0.00511,0.000702,0.0988,0.747,100.003,204373,4
32,BoA,4muJrGMndyYWqZtfk8OWy4,BEST OF SOUL,0gxS6h33HGI5jEAgcMsTWA,Rock With You,4LOZ8ezYUwjneou2tfIxyM,0.668,0.959,11,-4.13,0,0.0454,0.00415,0.0,0.493,0.571,100.011,252533,4
33,BoA,4muJrGMndyYWqZtfk8OWy4,BEST OF SOUL,0gxS6h33HGI5jEAgcMsTWA,QUINCY,6liSBjBOZEXz7SVaKl9gua,0.805,0.738,1,-4.842,1,0.0475,0.0694,0.0,0.172,0.796,130.08,225120,4
34,BoA,4muJrGMndyYWqZtfk8OWy4,BEST OF SOUL,0gxS6h33HGI5jEAgcMsTWA,コノヨノシルシ,1r90XF2BhACwBhXprZQu22,0.775,0.71,6,-5.33,1,0.0273,0.124,2.17e-06,0.107,0.609,105.064,223720,4
35,BoA,4muJrGMndyYWqZtfk8OWy4,BEST OF SOUL,0gxS6h33HGI5jEAgcMsTWA,メリクリ,5hSfOC92b200ci05d0xWfW,0.269,0.551,1,-5.76,1,0.0283,0.286,0.0,0.0566,0.236,81.045,331600,3
36,BoA,4muJrGMndyYWqZtfk8OWy4,BEST OF SOUL,0gxS6h33HGI5jEAgcMsTWA,LA・LA・LA LOVE SONG,2jJg6cmyMh6rgNQdouOnlY,0.736,0.732,0,-5.43,1,0.0376,0.217,0.0,0.251,0.653,118.027,337013,4
37,BIGBANG,4Kxlr1PRlDKEB0ekOCyHgX,THE BEST OF BIGBANG 2006-2014,1JwbdXLKJVffgSW95WcTUp,Baby Baby - Japanese Version,0DQ8eRAcGG1iUIdqk6RFhq,0.737,0.94,6,-2.71,0,0.141,0.0609,0.0,0.115,0.837,135.009,233400,4
38,BIGBANG,4Kxlr1PRlDKEB0ekOCyHgX,THE BEST OF BIGBANG 2006-2014,1JwbdXLKJVffgSW95WcTUp,Always - Japanese Version,06NMu4JoNGm61R4y2k53hR,0.667,0.785,5,-3.51,0,0.0242,7.99e-05,0.0,0.0321,0.333,116.006,235667,4
39,BIGBANG,4Kxlr1PRlDKEB0ekOCyHgX,THE BEST OF BIGBANG 2006-2014,1JwbdXLKJVffgSW95WcTUp,TONIGHT,0Q3Jvg2T5iMdqZFnbvxmSF,0.681,0.893,3,-3.877,0,0.0485,0.0394,0.0,0.541,0.327,129.985,221653,4
40,BIGBANG,4Kxlr1PRlDKEB0ekOCyHgX,THE BEST OF BIGBANG 2006-2014,1JwbdXLKJVffgSW95WcTUp,Ms.LIAR,5crgHI4qrCm8ayPms3EGhS,0.596,0.852,0,-3.041,1,0.0389,0.0575,0.0,0.0928,0.479,128.014,234320,4
41,BIGBANG,4Kxlr1PRlDKEB0ekOCyHgX,THE BEST OF BIGBANG 2006-2014,1JwbdXLKJVffgSW95WcTUp,FANTASTIC BABY,3PzAfPk6iA4ygy4u3OAqk5,0.725,0.831,11,-3.499,0,0.0719,0.0046,0.0,0.0333,0.48,130.022,231627,4
42,BIGBANG,4Kxlr1PRlDKEB0ekOCyHgX,THE BEST OF BIGBANG 2006-2014,1JwbdXLKJVffgSW95WcTUp,BLUE,1a0y8jidcUHH83MXfJgW31,0.585,0.727,7,-6.465,1,0.0774,0.0385,0.0,0.0592,0.441,124.931,234240,4
43,BIGBANG,4Kxlr1PRlDKEB0ekOCyHgX,THE BEST OF BIGBANG 2006-2014,1JwbdXLKJVffgSW95WcTUp,FEELING,3Iuv2KvGVxddPJMBmMZrsY,0.81,0.759,7,-4.681,1,0.154,0.0518,0.0,0.147,0.602,126.986,215720,4
44,BIGBANG,4Kxlr1PRlDKEB0ekOCyHgX,THE BEST OF BIGBANG 2006-2014,1JwbdXLKJVffgSW95WcTUp,BAD BOY,74MrhDJWSLl1nrBq3qFOxe,0.593,0.744,9,-4.002,0,0.0891,0.0199,0.0,0.0813,0.4,74.964,238933,4
45,BIGBANG,4Kxlr1PRlDKEB0ekOCyHgX,THE BEST OF BIGBANG 2006-2014,1JwbdXLKJVffgSW95WcTUp,EGO,6cI6tjccPwO63lMdSBhDjr,0.793,0.77,10,-4.746,0,0.0358,0.0296,0.0,0.202,0.923,121.007,205960,4
46,BIGBANG,4Kxlr1PRlDKEB0ekOCyHgX,THE BEST OF BIGBANG 2006-2014,1JwbdXLKJVffgSW95WcTUp,MONSTER,7pwTKTLvi5dCasaMCze1w4,0.635,0.808,0,-4.494,1,0.0533,0.0148,0.0,0.385,0.371,127.973,234067,4
47,BIGBANG,4Kxlr1PRlDKEB0ekOCyHgX,THE BEST OF BIGBANG 2006-2014,1JwbdXLKJVffgSW95WcTUp,OH YEAH - JPN Ver.,7Ki9ZwGVHr8e4i52GqaIRl,0.676,0.695,9,-4.452,1,0.044,0.00216,0.0,0.663,0.653,129.999,196907,4
48,BIGBANG,4Kxlr1PRlDKEB0ekOCyHgX,THE BEST OF BIGBANG 2006-2014,1JwbdXLKJVffgSW95WcTUp,HIGH HIGH - JPN Ver.,6DpHpDHgaMEhHAe9vR0o8r,0.701,0.838,5,-3.989,1,0.0454,0.00101,0.0,0.0515,0.589,129.982,188627,4
49,BIGBANG,4Kxlr1PRlDKEB0ekOCyHgX,THE BEST OF BIGBANG 2006-2014,1JwbdXLKJVffgSW95WcTUp,あんなヤツ,2yRbjuBCkSDniiNNi1O5mT,0.747,0.479,4,-5.764,0,0.0621,0.576,0.0,0.177,0.712,119.852,201453,4
50,BIGBANG,4Kxlr1PRlDKEB0ekOCyHgX,THE BEST OF BIGBANG 2006-2014,1JwbdXLKJVffgSW95WcTUp,ピタカゲ (CROOKED),3j01oUqTtibhhU009swQJX,0.666,0.902,2,-4.658,1,0.0997,0.0013,0.0,0.0649,0.849,130.084,226920,4
51,BIGBANG,4Kxlr1PRlDKEB0ekOCyHgX,THE BEST OF BIGBANG 2006-2014,1JwbdXLKJVffgSW95WcTUp,WHO YOU?,78OxeoA4XY5RekioYEkGws,0.749,0.715,1,-4.561,1,0.213,0.141,0.0,0.259,0.744,89.948,203373,4
52,BIGBANG,4Kxlr1PRlDKEB0ekOCyHgX,THE BEST OF BIGBANG 2006-2014,1JwbdXLKJVffgSW95WcTUp,TURN IT UP,5cgeh96qMWvbS07CFZCpfs,0.807,0.647,5,-4.108,1,0.169,0.00792,2.81e-06,0.0978,0.354,176.065,214907,4
53,BIGBANG,4Kxlr1PRlDKEB0ekOCyHgX,THE BEST OF BIGBANG 2006-2014,1JwbdXLKJVffgSW95WcTUp,DOOM DADA,0KtN7ZSbwXyh6NKGiJnBq3,0.646,0.921,7,-3.049,1,0.0863,0.0282,1.58e-06,0.325,0.595,156.113,216427,4
54,BIGBANG,4Kxlr1PRlDKEB0ekOCyHgX,THE BEST OF BIGBANG 2006-2014,1JwbdXLKJVffgSW95WcTUp,"EYES, NOSE, LIPS",6cSuoXjE80uNoVk50JzYbS,0.641,0.528,0,-5.061,1,0.0369,0.604,0.0,0.0786,0.241,143.788,233000,4
55,BIGBANG,4Kxlr1PRlDKEB0ekOCyHgX,THE BEST OF BIGBANG 2006-2014,1JwbdXLKJVffgSW95WcTUp,RINGA LINGA,3sU97u53wJffLHBYENl58E,0.574,0.859,1,-3.079,1,0.0427,0.0702,0.0,0.166,0.41,140.941,229520,4
56,BIGBANG,4Kxlr1PRlDKEB0ekOCyHgX,THE BEST OF BIGBANG 2006-2014,1JwbdXLKJVffgSW95WcTUp,1AM,30uKoRhzJu3oJch8AdSdEf,0.508,0.831,7,-3.181,1,0.0372,0.013,0.0,0.0839,0.364,173.986,194507,4
57,BIGBANG,4Kxlr1PRlDKEB0ekOCyHgX,THE BEST OF BIGBANG 2006-2014,1JwbdXLKJVffgSW95WcTUp,WINGS - JPN Ver.,08PuRi90gaclvmHqPgFLvw,0.636,0.909,0,-2.913,1,0.0388,0.00627,3.98e-06,0.108,0.39,131.973,224933,4
58,BIGBANG,4Kxlr1PRlDKEB0ekOCyHgX,THE BEST OF BIGBANG 2006-2014,1JwbdXLKJVffgSW95WcTUp,Rainy Rainy,3HEFfpEFAp0G9gq0XXJHxP,0.533,0.731,4,-3.939,1,0.0253,0.38,0.0,0.177,0.325,88.011,300027,4
59,BIGBANG,4Kxlr1PRlDKEB0ekOCyHgX,THE BEST OF BIGBANG 2006-2014,1JwbdXLKJVffgSW95WcTUp,SHUT UP,7kMAkuIBMFnkYcGzWyZiyu,0.642,0.853,3,-4.281,1,0.0336,0.00286,0.0,0.364,0.444,124.92,210827,4
60,BIGBANG,4Kxlr1PRlDKEB0ekOCyHgX,THE BEST OF BIGBANG 2006-2014,1JwbdXLKJVffgSW95WcTUp,WHAT CAN I DO,2adUQOv3Q0bOjxF05SVg8S,0.712,0.943,5,-3.001,1,0.0512,0.013,0.0,0.106,0.489,128.003,218720,4
61,BIGBANG,4Kxlr1PRlDKEB0ekOCyHgX,THE BEST OF BIGBANG 2006-2014,1JwbdXLKJVffgSW95WcTUp,僕を見つめて [GOTTA TALK TO U],3sW54POkCA55eXCYBbsAl1,0.756,0.691,10,-5.806,0,0.0482,0.143,0.0,0.233,0.788,128.059,215640,4
62,BIGBANG,4Kxlr1PRlDKEB0ekOCyHgX,THE BEST OF BIGBANG 2006-2014,1JwbdXLKJVffgSW95WcTUp,STRONG BABY,7kErePsOBw5gIYv5Gc8lSx,0.912,0.743,5,-3.922,0,0.114,0.0341,0.0,0.119,0.842,117.983,226453,4
63,BIGBANG,4Kxlr1PRlDKEB0ekOCyHgX,THE BEST OF BIGBANG 2006-2014,1JwbdXLKJVffgSW95WcTUp,WE BELONG TOGETHER,1Tw87XEY5RhvuRfHxHDwuc,0.767,0.766,2,-5.728,0,0.0409,0.156,0.0,0.0864,0.728,140.005,238680,4
64,BIGBANG,4Kxlr1PRlDKEB0ekOCyHgX,THE BEST OF BIGBANG 2006-2014,1JwbdXLKJVffgSW95WcTUp,A FOOL OF TEARS,3OHWLRYh7TYCAE45rGT7mq,0.707,0.632,0,-6.303,1,0.0409,0.0412,0.0,0.118,0.571,123.993,244653,4
65,BIGBANG,4Kxlr1PRlDKEB0ekOCyHgX,THE BEST OF BIGBANG 2006-2014,1JwbdXLKJVffgSW95WcTUp,V.I.P,3qyM1uc7XTfUvwYPpF4BWf,0.832,0.741,10,-6.134,0,0.21,0.0292,0.0,0.115,0.764,101.0,183147,4
66,BIGBANG,4Kxlr1PRlDKEB0ekOCyHgX,THE BEST OF BIGBANG 2006-2014,1JwbdXLKJVffgSW95WcTUp,BIGBANG (INTRO),1SpAKEgQErD7khm1hS40H9,0.905,0.608,11,-4.845,1,0.115,0.0283,0.0,0.197,0.837,102.004,206200,4
67,BIGBANG,4Kxlr1PRlDKEB0ekOCyHgX,THE BEST OF BIGBANG 2006-2014,1JwbdXLKJVffgSW95WcTUp,LA-LA-LA,3XCyjQO78Ph3cju72zmf97,0.779,0.772,1,-4.596,0,0.0411,0.026,0.0,0.0569,0.854,102.002,179827,4
68,BIGBANG,4Kxlr1PRlDKEB0ekOCyHgX,THE BEST OF BIGBANG 2006-2014,1JwbdXLKJVffgSW95WcTUp,SHE CAN'T GET ENOUGH,3HUTR6S4V0vAic3Fvk7ooC,0.824,0.796,11,-3.545,0,0.174,0.00974,0.0,0.0874,0.602,102.984,211720,4
69,BIGBANG,4Kxlr1PRlDKEB0ekOCyHgX,THE BEST OF BIGBANG 2006-2014,1JwbdXLKJVffgSW95WcTUp,DIRTY CASH,03FYdqacNW3I8BXMsfWzyd,0.858,0.928,11,-2.408,0,0.123,0.0781,0.0,0.25,0.934,129.918,194027,4
70,BIGBANG,4Kxlr1PRlDKEB0ekOCyHgX,THE BEST OF BIGBANG 2006-2014,1JwbdXLKJVffgSW95WcTUp,SHAKE IT,0RTo8rGuNGeGqtLYhYotzv,0.737,0.91,4,-4.553,0,0.0558,0.0428,0.0,0.117,0.899,114.982,226613,4
71,BIGBANG,4Kxlr1PRlDKEB0ekOCyHgX,THE BEST OF BIGBANG 2006-2014,1JwbdXLKJVffgSW95WcTUp,LIES,03zmAJLaKP08b8CHdU8w6X,0.784,0.85,6,-5.604,1,0.0601,0.175,0.0,0.85,0.71,125.008,230987,4
72,BIGBANG,4Kxlr1PRlDKEB0ekOCyHgX,THE BEST OF BIGBANG 2006-2014,1JwbdXLKJVffgSW95WcTUp,ALWAYS,1j9ooKjU86VI74p9bof3by,0.703,0.776,1,-3.814,0,0.0235,0.000184,0.0,0.0255,0.355,116.007,235187,4
73,BIGBANG,4Kxlr1PRlDKEB0ekOCyHgX,THE BEST OF BIGBANG 2006-2014,1JwbdXLKJVffgSW95WcTUp,LAST FAREWELL - KR Ver.,7vK3i8Nb070RB6eaAY1yXw,0.704,0.939,9,-2.877,1,0.161,0.0452,0.0,0.0894,0.839,134.99,233907,4
74,BIGBANG,4Kxlr1PRlDKEB0ekOCyHgX,THE BEST OF BIGBANG 2006-2014,1JwbdXLKJVffgSW95WcTUp,CRAZY DOG,7Aws6kM5PYdDmVOV1eFW7e,0.829,0.756,9,-5.128,0,0.05,0.0758,4.05e-05,0.0942,0.858,123.011,220253,4
75,BIGBANG,4Kxlr1PRlDKEB0ekOCyHgX,THE BEST OF BIGBANG 2006-2014,1JwbdXLKJVffgSW95WcTUp,LADY,5TNK6FL9mCAw28eshqttP8,0.811,0.901,8,-3.085,1,0.061,0.0574,0.0,0.0435,0.732,103.002,204867,4
76,BIGBANG,4Kxlr1PRlDKEB0ekOCyHgX,THE BEST OF BIGBANG 2006-2014,1JwbdXLKJVffgSW95WcTUp,NUMBER 1,5jimXIlYEak3gm21NgpUUF,0.892,0.673,7,-3.698,1,0.0681,0.00973,0.0,0.0909,0.966,115.012,200227,4
77,BIGBANG,4Kxlr1PRlDKEB0ekOCyHgX,THE BEST OF BIGBANG 2006-2014,1JwbdXLKJVffgSW95WcTUp,SUNSET GLOW,0TTEfRs6lqIODPDCtuANm2,0.749,0.874,8,-2.22,1,0.0539,0.0845,0.0,0.116,0.593,124.991,207147,4
78,BIGBANG,4Kxlr1PRlDKEB0ekOCyHgX,THE BEST OF BIGBANG 2006-2014,1JwbdXLKJVffgSW95WcTUp,HALLELUJAH,2wqmlo2Qzn4cuzWk8DQqW0,0.61,0.806,6,-4.024,0,0.181,0.00633,0.0,0.0365,0.371,94.883,196493,4
79,BIGBANG,4Kxlr1PRlDKEB0ekOCyHgX,THE BEST OF BIGBANG 2006-2014,1JwbdXLKJVffgSW95WcTUp,LOLLIPOP,0tjEM2WSL1vKvZE2bTBUCo,0.835,0.877,0,-5.047,1,0.0428,0.0542,0.0,0.329,0.923,119.967,191040,4
80,2PM,5iRPbkcPmqAFFwDUj6ywVS,THE BEST OF 2PM in Japan 2011-2016,5rEgHD2JSK9RRxyKtXsImD,I'm your man,5fF8hO8wJX0HtkHKJF2WZF,0.704,0.944,0,-4.36,1,0.0854,0.00826,0.0,0.0894,0.779,133.013,193573,4
81,2PM,5iRPbkcPmqAFFwDUj6ywVS,THE BEST OF 2PM in Japan 2011-2016,5rEgHD2JSK9RRxyKtXsImD,Breakthrough,2gufvfcKUETksHGeCmDTMO,0.718,0.78,11,-4.251,1,0.0404,0.012,0.000368,0.122,0.718,124.978,226387,4
82,2PM,5iRPbkcPmqAFFwDUj6ywVS,THE BEST OF 2PM in Japan 2011-2016,5rEgHD2JSK9RRxyKtXsImD,Take off,5FcJPmB0AdYBHZgoDwQqhP,0.612,0.896,3,-4.542,1,0.0301,0.181,0.0,0.234,0.766,131.967,203333,4
83,2PM,5iRPbkcPmqAFFwDUj6ywVS,THE BEST OF 2PM in Japan 2011-2016,5rEgHD2JSK9RRxyKtXsImD,Ultra Lover,598BMlbpr6ev8rSYkvEng4,0.581,0.955,8,-2.713,0,0.0583,0.0274,0.0,0.352,0.773,136.067,200893,4
84,2PM,5iRPbkcPmqAFFwDUj6ywVS,THE BEST OF 2PM in Japan 2011-2016,5rEgHD2JSK9RRxyKtXsImD,運命,5ahnJuSK8d80M8z6Aodcxb,0.598,0.913,11,-3.226,0,0.0636,0.201,0.0,0.337,0.424,135.973,219040,4
85,2PM,5iRPbkcPmqAFFwDUj6ywVS,THE BEST OF 2PM in Japan 2011-2016,5rEgHD2JSK9RRxyKtXsImD,Stay Here,2cT1DEAsvPnl6c2IClPszF,0.546,0.952,0,-2.322,1,0.0837,0.0919,0.0,0.0557,0.43,130.003,203867,4
86,2PM,5iRPbkcPmqAFFwDUj6ywVS,THE BEST OF 2PM in Japan 2011-2016,5rEgHD2JSK9RRxyKtXsImD,君がいれば,2j8D2u8Xr1G0mqclRq0r1u,0.671,0.87,7,-4.064,1,0.0401,0.0647,0.0,0.27,0.518,129.961,217720,4
87,2PM,5iRPbkcPmqAFFwDUj6ywVS,THE BEST OF 2PM in Japan 2011-2016,5rEgHD2JSK9RRxyKtXsImD,マスカレード 〜Masquerade〜,6u9DpQ49qanlromBp3EEzT,0.651,0.895,0,-3.016,0,0.052,0.159,0.0,0.0743,0.556,128.95,231240,4
88,2PM,5iRPbkcPmqAFFwDUj6ywVS,THE BEST OF 2PM in Japan 2011-2016,5rEgHD2JSK9RRxyKtXsImD,Beautiful,17OcTPVtNsdupswYT59cPV,0.644,0.858,9,-6.573,0,0.221,0.015,0.0,0.301,0.786,127.105,239973,4
89,2PM,5iRPbkcPmqAFFwDUj6ywVS,THE BEST OF 2PM in Japan 2011-2016,5rEgHD2JSK9RRxyKtXsImD,So Bad,0nrDxkVP2v2w9KhJckrJRn,0.678,0.933,0,-2.612,1,0.0383,0.0194,0.0,0.144,0.728,127.994,205147,4
90,2PM,5iRPbkcPmqAFFwDUj6ywVS,THE BEST OF 2PM in Japan 2011-2016,5rEgHD2JSK9RRxyKtXsImD,This Is Love,154sHrgPnjTesJFpWFXh4f,0.641,0.933,10,-1.907,0,0.0487,0.0378,0.0,0.667,0.85,132.031,248227,4
91,2PM,5iRPbkcPmqAFFwDUj6ywVS,THE BEST OF 2PM in Japan 2011-2016,5rEgHD2JSK9RRxyKtXsImD,Stay with me,5GGwApWXRhSa5uz9D2BGJ8,0.617,0.942,3,-4.079,0,0.0799,0.00701,0.0,0.12,0.848,129.992,209400,4
92,2PM,5iRPbkcPmqAFFwDUj6ywVS,THE BEST OF 2PM in Japan 2011-2016,5rEgHD2JSK9RRxyKtXsImD,I'll Be OK,3QMk5jdt86Hlbgb8BQ1GJp,0.381,0.665,9,-7.536,1,0.0854,0.141,0.0,0.0713,0.209,180.0,214760,4
93,2PM,5iRPbkcPmqAFFwDUj6ywVS,THE BEST OF 2PM in Japan 2011-2016,5rEgHD2JSK9RRxyKtXsImD,Beautiful Day,2zCateyrewTKBOM1o5EnwW,0.615,0.734,3,-5.222,1,0.0321,0.727,0.0,0.0685,0.484,95.027,232600,4
94,2PM,5iRPbkcPmqAFFwDUj6ywVS,THE BEST OF 2PM in Japan 2011-2016,5rEgHD2JSK9RRxyKtXsImD,Forever,3jKphl6Z6YryMLvh5u77OC,0.478,0.511,10,-5.596,1,0.0258,0.374,0.0,0.104,0.222,77.986,274653,4
95,2PM,5iRPbkcPmqAFFwDUj6ywVS,THE BEST OF 2PM in Japan 2011-2016,5rEgHD2JSK9RRxyKtXsImD,NEXT Generation,2wtsrQQnrxadTNJjq2Wi7c,0.759,0.762,0,-3.224,0,0.0336,0.052,0.0,0.0337,0.796,129.979,268760,4
96,2PM,5iRPbkcPmqAFFwDUj6ywVS,THE BEST OF 2PM in Japan 2011-2016,5rEgHD2JSK9RRxyKtXsImD,GIVE ME LOVE,5QCZB8O6terx0h0TJPnO2K,0.709,0.947,0,-3.577,0,0.0544,0.00898,0.0,0.191,0.92,128.001,240600,4
97,2PM,5iRPbkcPmqAFFwDUj6ywVS,THE BEST OF 2PM in Japan 2011-2016,5rEgHD2JSK9RRxyKtXsImD,Merry-go-round,0ynG6Bo9czJTidIIRrmOHb,0.591,0.894,8,-3.024,0,0.0521,0.084,0.0,0.133,0.62,133.914,228267,4
98,2PM,5iRPbkcPmqAFFwDUj6ywVS,THE BEST OF 2PM in Japan 2011-2016,5rEgHD2JSK9RRxyKtXsImD,離れていても,22rYzRY07PpBxsuyRaXMuY,0.553,0.511,1,-5.701,1,0.0253,0.21,0.0,0.11,0.153,80.026,285267,4
99,2PM,5iRPbkcPmqAFFwDUj6ywVS,THE BEST OF 2PM in Japan 2011-2016,5rEgHD2JSK9RRxyKtXsImD,想像してみて,7eSk123ZVOGu0etQBHbsaR,0.656,0.912,0,-3.213,1,0.156,0.0091,0.0,0.337,0.604,127.946,196080,4
100,2PM,5iRPbkcPmqAFFwDUj6ywVS,THE BEST OF 2PM in Japan 2011-2016,5rEgHD2JSK9RRxyKtXsImD,ミダレテミナ,2I0mZAsMss27cvAwl7ny1s,0.758,0.889,10,-3.028,0,0.0515,0.0276,0.0,0.372,0.958,123.019,243133,4
101,2PM,5iRPbkcPmqAFFwDUj6ywVS,THE BEST OF 2PM in Japan 2011-2016,5rEgHD2JSK9RRxyKtXsImD,WOW,1ITY77E6TZUBtJoao8pjFP,0.58,0.89,7,-2.811,1,0.227,0.00088,0.0,0.152,0.643,164.974,198507,4
102,2PM,5iRPbkcPmqAFFwDUj6ywVS,THE BEST OF 2PM in Japan 2011-2016,5rEgHD2JSK9RRxyKtXsImD,Everybody,7sqXhZvbCuzQzdb1R8ITSE,0.682,0.859,0,-3.419,1,0.116,0.0197,0.0,0.702,0.361,128.022,246187,4
103,2PM,5iRPbkcPmqAFFwDUj6ywVS,THE BEST OF 2PM in Japan 2011-2016,5rEgHD2JSK9RRxyKtXsImD,Fight,6rYwiq4HBaP1XYPZRiS2EW,0.53,0.959,11,-2.311,0,0.0688,0.00196,0.0,0.154,0.639,127.928,186880,4
104,2PM,5iRPbkcPmqAFFwDUj6ywVS,THE BEST OF 2PM in Japan 2011-2016,5rEgHD2JSK9RRxyKtXsImD,Winter Games,1Ow2CopMQqGywvbFA71Gyn,0.631,0.869,7,-3.436,1,0.0339,0.397,0.0,0.216,0.442,133.962,206933,4
105,2PM,5iRPbkcPmqAFFwDUj6ywVS,THE BEST OF 2PM in Japan 2011-2016,5rEgHD2JSK9RRxyKtXsImD,Step by Step,2jffooE8Eu36iWd8mUJGTC,0.716,0.824,0,-4.745,1,0.0337,0.0297,0.0,0.133,0.553,128.007,208760,4
106,2PM,5iRPbkcPmqAFFwDUj6ywVS,THE BEST OF 2PM in Japan 2011-2016,5rEgHD2JSK9RRxyKtXsImD,Falling in love,6Pd8wVlPvV8SF4UDXFCBVr,0.662,0.934,1,-2.595,1,0.0429,0.0538,0.0,0.37,0.858,129.925,219760,4
107,2PM,5iRPbkcPmqAFFwDUj6ywVS,THE BEST OF 2PM in Japan 2011-2016,5rEgHD2JSK9RRxyKtXsImD,365,55Y2R3llVQO5ggSjuOKXi5,0.602,0.855,6,-3.631,1,0.0605,0.0084,0.0,0.082,0.699,131.981,215933,4
108,2PM,5iRPbkcPmqAFFwDUj6ywVS,THE BEST OF 2PM in Japan 2011-2016,5rEgHD2JSK9RRxyKtXsImD,Shining Star,5tMevAXI4dl0tMqNgWVi8w,0.694,0.875,11,-3.553,1,0.036,0.344,0.0,0.121,0.717,104.975,230893,4
109,2PM,5iRPbkcPmqAFFwDUj6ywVS,THE BEST OF 2PM in Japan 2011-2016,5rEgHD2JSK9RRxyKtXsImD,Guilty Love,5miAsB7StXh5ZhPAvGO2cW,0.781,0.844,3,-2.737,0,0.0394,0.0411,5.03e-05,0.0655,0.942,127.98,186680,4
110,2PM,5iRPbkcPmqAFFwDUj6ywVS,THE BEST OF 2PM in Japan 2011-2016,5rEgHD2JSK9RRxyKtXsImD,Jam Session,5ZX8hyUZmXTktEQON5fAVd,0.738,0.906,11,-3.209,0,0.0818,0.0156,0.0,0.0457,0.877,135.05,233187,4
111,2PM,5iRPbkcPmqAFFwDUj6ywVS,THE BEST OF 2PM in Japan 2011-2016,5rEgHD2JSK9RRxyKtXsImD,HIGHER,7g1ZtZgdYFwc8i13v3ZHpF,0.732,0.894,8,-3.109,1,0.0796,0.104,0.0,0.14,0.648,95.031,185013,4
112,2PM,5iRPbkcPmqAFFwDUj6ywVS,THE BEST OF 2PM in Japan 2011-2016,5rEgHD2JSK9RRxyKtXsImD,My House -Japanese ver.-,2UpYsQ2Il481F60id5ixnv,0.608,0.718,1,-4.476,0,0.303,0.0621,0.0,0.071,0.843,175.997,190640,4
113,2PM,5iRPbkcPmqAFFwDUj6ywVS,THE BEST OF 2PM in Japan 2011-2016,5rEgHD2JSK9RRxyKtXsImD,春風 〜Good-bye Again〜,5wTUkUTmhXo0339ZIsCb3q,0.473,0.534,2,-5.145,1,0.0261,0.674,0.0,0.117,0.294,148.055,310347,4
114,2PM,5iRPbkcPmqAFFwDUj6ywVS,THE BEST OF 2PM in Japan 2011-2016,5rEgHD2JSK9RRxyKtXsImD,TEASER,0Aq4cN7LDOMvzN3Jd1bxMY,0.633,0.892,9,-3.787,0,0.0849,0.19,0.0,0.142,0.743,127.985,218733,4
115,2PM,5iRPbkcPmqAFFwDUj6ywVS,THE BEST OF 2PM in Japan 2011-2016,5rEgHD2JSK9RRxyKtXsImD,一緒に過ごした時間,5nhwyS48ZY3QsrOECi4iCB,0.371,0.677,0,-5.046,1,0.0439,0.0761,0.0,0.106,0.373,170.04,312213,4
116,2PM,5iRPbkcPmqAFFwDUj6ywVS,THE BEST OF 2PM in Japan 2011-2016,5rEgHD2JSK9RRxyKtXsImD,天の川 〜GALAXY〜,5IOaTazK38ZEE5HjAVwXaR,0.613,0.257,11,-9.556,1,0.0311,0.925,0.0,0.122,0.285,86.954,238000,4
117,2PM,5iRPbkcPmqAFFwDUj6ywVS,THE BEST OF 2PM in Japan 2011-2016,5rEgHD2JSK9RRxyKtXsImD,Promise (I'll be) -Japanese ver.-,5aGw0HyBUgCXDJG63zKpGi,0.565,0.91,4,-4.296,1,0.0804,0.0253,0.0,0.0952,0.531,79.981,209160,4
118,BTS,3Nrfpe0tUJi4K4DXYWgMUX,"BTS, THE BEST",6bN241dPMC54Ac6zV1B8hl,Film out,6g9Vd4z3JnVUiAIRwFlVCG,0.503,0.71,10,-6.382,1,0.085,0.297,0.0,0.329,0.293,81.932,216587,4
119,BTS,3Nrfpe0tUJi4K4DXYWgMUX,"BTS, THE BEST",6bN241dPMC54Ac6zV1B8hl,DNA - Japanese ver.,35oDhfqmQepYWgXSny1cez,0.582,0.726,1,-4.118,0,0.0603,0.00349,0.0,0.0635,0.658,129.914,223573,4
120,BTS,3Nrfpe0tUJi4K4DXYWgMUX,"BTS, THE BEST",6bN241dPMC54Ac6zV1B8hl,Best Of Me - Japanese ver.,2qcpX6M2XBxeM58PJCUZZ2,0.676,0.781,0,-4.29,0,0.0852,0.0384,0.0,0.4,0.437,121.993,228213,4
121,BTS,3Nrfpe0tUJi4K4DXYWgMUX,"BTS, THE BEST",6bN241dPMC54Ac6zV1B8hl,Lights,45HQ2LUH4ZruF1KmAnGLbq,0.607,0.636,5,-5.605,1,0.0324,0.179,0.0,0.176,0.421,98.997,290960,4
122,BTS,3Nrfpe0tUJi4K4DXYWgMUX,"BTS, THE BEST",6bN241dPMC54Ac6zV1B8hl,血、汗、涙 - Japanese ver.,6hHfi5X0al0dtly9A5W0GG,0.605,0.866,0,-4.224,0,0.101,0.0704,0.0,0.305,0.539,93.046,216453,4
123,BTS,3Nrfpe0tUJi4K4DXYWgMUX,"BTS, THE BEST",6bN241dPMC54Ac6zV1B8hl,FAKE LOVE - Japanese ver.,0xa8vyNSdXOKku1Jkr74OA,0.579,0.689,2,-5.027,0,0.0356,0.00401,0.0,0.302,0.433,77.473,242853,4
124,BTS,3Nrfpe0tUJi4K4DXYWgMUX,"BTS, THE BEST",6bN241dPMC54Ac6zV1B8hl,Black Swan - Japanese ver.,3sG0FqOWBIDpSXxglhzajE,0.714,0.732,2,-5.935,0,0.089,0.18,0.0,0.131,0.528,147.05,199307,4
125,BTS,3Nrfpe0tUJi4K4DXYWgMUX,"BTS, THE BEST",6bN241dPMC54Ac6zV1B8hl,Airplane pt.2 - Japanese ver.,7AaLAJuJyA5E9K9jkTIeUz,0.753,0.771,0,-5.179,0,0.0294,0.0371,1.68e-06,0.0824,0.916,139.992,219000,4
126,BTS,3Nrfpe0tUJi4K4DXYWgMUX,"BTS, THE BEST",6bN241dPMC54Ac6zV1B8hl,Go Go - Japanese ver.,7z5wGcA1lrg0VB7hwEmEz0,0.836,0.695,10,-4.674,0,0.0822,0.21,0.0,0.087,0.84,136.075,236947,4
127,BTS,3Nrfpe0tUJi4K4DXYWgMUX,"BTS, THE BEST",6bN241dPMC54Ac6zV1B8hl,IDOL - Japanese ver.,19ba7iguh2oHguLFyyRXmb,0.692,0.791,6,-4.451,0,0.112,0.000376,0.0,0.128,0.401,126.027,223200,4
128,BTS,3Nrfpe0tUJi4K4DXYWgMUX,"BTS, THE BEST",6bN241dPMC54Ac6zV1B8hl,Dionysus - Japanese ver.,3XqzyyrDbDYz45z4pEynpg,0.456,0.893,7,-3.712,1,0.158,0.0216,0.0,0.352,0.56,175.879,249387,4
129,BTS,3Nrfpe0tUJi4K4DXYWgMUX,"BTS, THE BEST",6bN241dPMC54Ac6zV1B8hl,MIC Drop - Japanese ver.,1u6kNDnuXECAK3WEYeSsn1,0.662,0.906,3,-4.93,0,0.136,0.0142,0.0,0.116,0.621,169.997,239227,4
130,BTS,3Nrfpe0tUJi4K4DXYWgMUX,"BTS, THE BEST",6bN241dPMC54Ac6zV1B8hl,Boy With Luv - Japanese ver.,44KFdVtjqvYtAZcRnJKBVr,0.663,0.844,11,-4.471,0,0.0883,0.0604,0.0,0.194,0.77,119.973,230400,4
131,BTS,3Nrfpe0tUJi4K4DXYWgMUX,"BTS, THE BEST",6bN241dPMC54Ac6zV1B8hl,Stay Gold,2pB41rjw8a2y7pC06vdBkp,0.723,0.621,1,-5.428,1,0.0501,0.0848,0.0,0.0705,0.559,128.951,243800,4
132,BTS,3Nrfpe0tUJi4K4DXYWgMUX,"BTS, THE BEST",6bN241dPMC54Ac6zV1B8hl,Let Go,24uTFFKwmjOjnEPmhQa1gB,0.558,0.86,4,-4.096,1,0.2,0.171,0.0,0.297,0.433,173.916,297920,4
133,BTS,3Nrfpe0tUJi4K4DXYWgMUX,"BTS, THE BEST",6bN241dPMC54Ac6zV1B8hl,Spring Day - Japanese ver.,5tSD3htySak0xROwfmPKc0,0.572,0.818,8,-4.347,1,0.0364,0.0991,0.0,0.0947,0.418,106.96,276693,4
134,BTS,3Nrfpe0tUJi4K4DXYWgMUX,"BTS, THE BEST",6bN241dPMC54Ac6zV1B8hl,ON - Japanese ver.,2ju6eQdBcsIElK4TXWQ9sw,0.599,0.817,7,-5.659,1,0.0993,0.112,0.0,0.308,0.434,105.991,247267,4
135,BTS,3Nrfpe0tUJi4K4DXYWgMUX,"BTS, THE BEST",6bN241dPMC54Ac6zV1B8hl,Don't Leave Me,5n4IynGnOkp1J3XmONb0U5,0.621,0.761,8,-5.061,0,0.0679,0.101,0.0,0.329,0.399,146.975,226480,4
136,BTS,3Nrfpe0tUJi4K4DXYWgMUX,"BTS, THE BEST",6bN241dPMC54Ac6zV1B8hl,Not Today - Japanese ver.,72FfxUaM7WPVRtoVNPcMlM,0.615,0.929,8,-3.914,1,0.16,0.00604,0.0,0.827,0.638,110.012,234387,4
137,BTS,3Nrfpe0tUJi4K4DXYWgMUX,"BTS, THE BEST",6bN241dPMC54Ac6zV1B8hl,Make It Right - Japanese ver.,1asgNCymC3RgLagvcRMArg,0.626,0.703,7,-7.414,1,0.456,0.0181,0.0,0.265,0.262,105.508,225560,4
138,BTS,3Nrfpe0tUJi4K4DXYWgMUX,"BTS, THE BEST",6bN241dPMC54Ac6zV1B8hl,Your eyes tell,4pzGb3UWWniHWgEVEMVHDM,0.445,0.483,9,-6.415,0,0.0294,0.292,0.0,0.0637,0.256,139.601,245120,4
139,BTS,3Nrfpe0tUJi4K4DXYWgMUX,"BTS, THE BEST",6bN241dPMC54Ac6zV1B8hl,Crystal Snow,31VhB0iXK4qiJivP39Wcvg,0.616,0.767,3,-5.038,1,0.0333,0.131,0.0,0.12,0.428,113.974,322627,4
140,Stray Kids,2dIgFjalVxs4ThymZ67YCE,SKZ2020,4hk05fFLNquJc8w5htXZDi,Hellevator,6UDtY4939Z6p8gwuHhXb3g,0.506,0.829,7,-2.109,0,0.163,0.0119,0.0,0.258,0.353,78.183,239133,4
141,Stray Kids,2dIgFjalVxs4ThymZ67YCE,SKZ2020,4hk05fFLNquJc8w5htXZDi,BEWARE,4pbn3QsIKWv6BawpO14Kzq,0.678,0.951,1,-2.649,1,0.213,0.0414,0.0,0.378,0.404,98.028,190653,4
142,Stray Kids,2dIgFjalVxs4ThymZ67YCE,SKZ2020,4hk05fFLNquJc8w5htXZDi,Spread My Wings,3aYsXEPnbdHwIByyJIF4b8,0.68,0.945,11,-3.472,0,0.191,0.15,0.0,0.238,0.67,139.887,202120,4
143,Stray Kids,2dIgFjalVxs4ThymZ67YCE,SKZ2020,4hk05fFLNquJc8w5htXZDi,YAYAYA,3TdDuTNDALwxyPSy8mqVWY,0.674,0.938,9,-1.687,0,0.223,0.108,0.0,0.0969,0.696,132.041,202667,4
144,Stray Kids,2dIgFjalVxs4ThymZ67YCE,SKZ2020,4hk05fFLNquJc8w5htXZDi,District 9,58XXaW1pFAiXZRouc7ulaJ,0.646,0.954,9,-1.899,1,0.18,0.017,5.92e-06,0.122,0.512,90.017,213587,4
145,Stray Kids,2dIgFjalVxs4ThymZ67YCE,SKZ2020,4hk05fFLNquJc8w5htXZDi,Mirror,6wFFqR7yjw21vqFvA08PWu,0.589,0.849,4,-3.761,0,0.276,0.0134,0.0,0.121,0.518,185.936,222440,4
146,Stray Kids,2dIgFjalVxs4ThymZ67YCE,SKZ2020,4hk05fFLNquJc8w5htXZDi,Grow Up,5m34huZyl058eNO7F4hIG9,0.553,0.944,7,-3.254,1,0.249,0.114,0.0,0.353,0.625,174.096,213040,4
147,Stray Kids,2dIgFjalVxs4ThymZ67YCE,SKZ2020,4hk05fFLNquJc8w5htXZDi,My Pace,77S3DRpDbkxHW1ZVTVyF9w,0.676,0.82,11,-4.278,0,0.242,0.0413,0.0,0.127,0.777,155.118,190307,4
148,Stray Kids,2dIgFjalVxs4ThymZ67YCE,SKZ2020,4hk05fFLNquJc8w5htXZDi,Voices,2IiTy93oA78tCTMnwCldgS,0.667,0.872,1,-3.561,1,0.0729,0.0205,0.0,0.35,0.297,149.969,202120,4
149,Stray Kids,2dIgFjalVxs4ThymZ67YCE,SKZ2020,4hk05fFLNquJc8w5htXZDi,Question,4uvAnZY8axmju0aJrulJna,0.771,0.814,4,-4.295,0,0.0789,0.018,0.0,0.0808,0.532,98.027,184360,4
150,Stray Kids,2dIgFjalVxs4ThymZ67YCE,SKZ2020,4hk05fFLNquJc8w5htXZDi,M.I.A.,0okF4ps9VeRQbEUYnImA1x,0.812,0.88,9,-4.141,0,0.172,0.172,0.0,0.151,0.652,139.998,211627,4
151,Stray Kids,2dIgFjalVxs4ThymZ67YCE,SKZ2020,4hk05fFLNquJc8w5htXZDi,Awkward Silence,0DKnykHG3eGnUM6YQe7Z5a,0.541,0.894,10,-2.989,0,0.248,0.0972,0.0,0.0974,0.732,199.821,195320,4
152,Stray Kids,2dIgFjalVxs4ThymZ67YCE,SKZ2020,4hk05fFLNquJc8w5htXZDi,I am YOU,1feJB1Z00FJZgieyfiVSeI,0.65,0.862,11,-3.906,1,0.215,0.0133,0.0,0.144,0.673,144.941,206840,4
153,Stray Kids,2dIgFjalVxs4ThymZ67YCE,SKZ2020,4hk05fFLNquJc8w5htXZDi,Get Cool,6TCQ5kYMTXFrrCobvXqUxY,0.802,0.853,2,-4.172,1,0.113,0.0742,0.0,0.28,0.956,151.96,196440,4
154,Stray Kids,2dIgFjalVxs4ThymZ67YCE,SKZ2020,4hk05fFLNquJc8w5htXZDi,MIROH,6gisOiWATiawP3eFUAGtJe,0.565,0.976,9,-3.199,1,0.132,0.00946,0.0,0.337,0.45,126.067,208667,4
155,Stray Kids,2dIgFjalVxs4ThymZ67YCE,SKZ2020,4hk05fFLNquJc8w5htXZDi,Victory Song,6r3aSLQGUwMaKtcrZgYESL,0.736,0.812,7,-3.997,1,0.107,0.00654,0.0,0.159,0.52,103.034,198053,4
156,Stray Kids,2dIgFjalVxs4ThymZ67YCE,SKZ2020,4hk05fFLNquJc8w5htXZDi,Boxer,1MYmqPMb3nYRtqo5l3mosX,0.642,0.902,2,-3.471,1,0.131,0.00716,0.0,0.185,0.46,104.897,202293,4
157,Stray Kids,2dIgFjalVxs4ThymZ67YCE,SKZ2020,4hk05fFLNquJc8w5htXZDi,Chronosaurus,4ugyIuBiZNcbaWQFnpVHqb,0.657,0.879,2,-2.733,1,0.0513,0.284,0.0,0.28,0.472,99.973,200440,4
158,Stray Kids,2dIgFjalVxs4ThymZ67YCE,SKZ2020,4hk05fFLNquJc8w5htXZDi,19,2226EvPWOQRalBjwGv9zgh,0.549,0.668,10,-4.472,1,0.33,0.439,0.0,0.0972,0.37,103.68,206440,4
159,Stray Kids,2dIgFjalVxs4ThymZ67YCE,SKZ2020,4hk05fFLNquJc8w5htXZDi,Side Effects,1n0deeH4R7k0A5zENssBYc,0.596,0.98,2,-1.667,1,0.168,0.0223,0.0,0.0667,0.143,97.454,195253,3
160,Stray Kids,2dIgFjalVxs4ThymZ67YCE,SKZ2020,4hk05fFLNquJc8w5htXZDi,TMT,7tjAwgoK0afrLa8tsv2tKX,0.8,0.839,2,-3.921,1,0.0639,0.0657,0.0,0.0555,0.557,131.994,209027,4
161,Stray Kids,2dIgFjalVxs4ThymZ67YCE,SKZ2020,4hk05fFLNquJc8w5htXZDi,Double Knot,6VEwhm9m2rMnDKhc1WSLIA,0.752,0.738,5,-5.341,0,0.365,0.0541,0.0,0.526,0.585,146.94,191547,4
162,Stray Kids,2dIgFjalVxs4ThymZ67YCE,SKZ2020,4hk05fFLNquJc8w5htXZDi,Levanter,0o0Cw5YbhMhADD0BlxSGhN,0.557,0.695,9,-4.699,1,0.0597,0.00753,0.0,0.534,0.358,149.921,197707,4
163,Stray Kids,2dIgFjalVxs4ThymZ67YCE,SKZ2020,4hk05fFLNquJc8w5htXZDi,Astronaut,1zeAd1eaHdNU2RxvRmv4xW,0.739,0.84,1,-6.555,0,0.104,0.0189,0.0,0.183,0.627,120.049,180053,4
164,4Minute,6cdC1cwqh3eJAXaxXJt2jv,Best of 4Minute,502uBQOdyp6A3En53ZJFCo,Hot Issue (Japanese Version),3jRkepDksbrufgWy0YVONq,0.828,0.84,1,-4.217,1,0.0409,0.000722,0.152,0.0745,0.328,128.029,208020,4
165,4Minute,6cdC1cwqh3eJAXaxXJt2jv,Best of 4Minute,502uBQOdyp6A3En53ZJFCo,Muzik (Japanese Version),1DcyR2AmVGLZ3mn5Mr6Dm8,0.789,0.839,6,-2.825,0,0.0583,0.103,0.0,0.274,0.962,126.076,224410,4
166,4Minute,6cdC1cwqh3eJAXaxXJt2jv,Best of 4Minute,502uBQOdyp6A3En53ZJFCo,I My Me Mine (Japanese Version),1qtrFMoCP2PsznGBg6D8Ww,0.65,0.752,11,-3.298,0,0.0514,0.00821,0.0,0.104,0.5,127.978,204992,4
167,4Minute,6cdC1cwqh3eJAXaxXJt2jv,Best of 4Minute,502uBQOdyp6A3En53ZJFCo,Good Bye,6BJLcHXGYfDSjHrtKLa9xd,0.505,0.79,7,-4.037,1,0.046,0.305,0.0,0.0851,0.484,173.993,253557,4
168,4Minute,6cdC1cwqh3eJAXaxXJt2jv,Best of 4Minute,502uBQOdyp6A3En53ZJFCo,First,0i7IlcqxWD1xrFZ8yq2X2k,0.698,0.93,11,-3.437,0,0.0721,0.0317,0.0,0.31,0.625,129.989,211087,4
169,4Minute,6cdC1cwqh3eJAXaxXJt2jv,Best of 4Minute,502uBQOdyp6A3En53ZJFCo,Dreams Come True (Japanese Version),2lyETfMD0eHm8GMMV88cQA,0.499,0.972,6,-2.269,0,0.169,0.00819,0.0,0.109,0.715,165.128,200965,4
170,4Minute,6cdC1cwqh3eJAXaxXJt2jv,Best of 4Minute,502uBQOdyp6A3En53ZJFCo,Can't Make Up My Mind,6qjOEWGSmTYsKgUMNmRMHy,0.41,0.733,7,-6.004,0,0.0344,0.118,0.000852,0.198,0.403,114.406,221472,4
171,4Minute,6cdC1cwqh3eJAXaxXJt2jv,Best of 4Minute,502uBQOdyp6A3En53ZJFCo,December,4TkSrr4aHwhI2idYTxcxx1,0.628,0.864,7,-4.541,1,0.0304,0.0254,0.0,0.325,0.552,117.068,237547,4
172,4Minute,6cdC1cwqh3eJAXaxXJt2jv,Best of 4Minute,502uBQOdyp6A3En53ZJFCo,Why,7BNp7R6YKGPETvHvCcBjdn,0.768,0.94,9,-3.565,1,0.0514,0.0174,1.1e-06,0.0655,0.892,129.927,189177,4
173,4Minute,6cdC1cwqh3eJAXaxXJt2jv,Best of 4Minute,502uBQOdyp6A3En53ZJFCo,Heart To Heart (Japanese Version),6vkJakdMtzNnFATLAXMoKO,0.702,0.686,6,-4.289,1,0.0348,0.284,0.0,0.158,0.609,129.958,230898,4
174,4Minute,6cdC1cwqh3eJAXaxXJt2jv,Best of 4Minute,502uBQOdyp6A3En53ZJFCo,Ready Go,5qIpRwix8tFkExxISVUcOl,0.646,0.965,8,-3.67,1,0.139,0.00276,1.23e-06,0.0902,0.561,134.003,211890,4
175,4Minute,6cdC1cwqh3eJAXaxXJt2jv,Best of 4Minute,502uBQOdyp6A3En53ZJFCo,Sweet Suga Honey! (Japanese Version),2Cn6Mg9MnZdi2hm3xYWuCh,0.794,0.896,5,-3.488,1,0.0597,0.0627,0.0,0.609,0.88,100.019,206378,4
176,4Minute,6cdC1cwqh3eJAXaxXJt2jv,Best of 4Minute,502uBQOdyp6A3En53ZJFCo,Love Tension,0M9aB9E8cwTUIRhVG3OwdD,0.679,0.939,2,-1.883,1,0.142,0.03,0.0,0.0968,0.259,129.996,226299,4
177,4Minute,6cdC1cwqh3eJAXaxXJt2jv,Best of 4Minute,502uBQOdyp6A3En53ZJFCo,Volume up (Japanese Version),6cRjelFbmQNbmr7ANzzjBv,0.636,0.921,3,-1.931,0,0.0328,0.0182,0.00035,0.0597,0.365,129.982,230154,4
178,G-Dragon,30b9WulBM8sFuBo17nNq9c,COUP D'ETAT [+ ONE OF A KIND & HEARTBREAKER],1mVPbaMZGsPh5gzhvO6BBX,COUP D'ETAT,3jlzOSBHgXizGjIX6ivEgE,0.624,0.872,5,-5.803,0,0.265,0.0578,0.0,0.118,0.595,129.744,180760,4
179,G-Dragon,30b9WulBM8sFuBo17nNq9c,COUP D'ETAT [+ ONE OF A KIND & HEARTBREAKER],1mVPbaMZGsPh5gzhvO6BBX,NILIRIA - MISSY ELLIOTT ver.,5P6JEfm8MgZZWtsLgyAiI6,0.602,0.871,2,-4.97,1,0.302,0.0632,0.0,0.901,0.498,160.008,174160,4
180,G-Dragon,30b9WulBM8sFuBo17nNq9c,COUP D'ETAT [+ ONE OF A KIND & HEARTBREAKER],1mVPbaMZGsPh5gzhvO6BBX,R.O.D.,6NdoyPvW2E1yt9uie4oPdk,0.679,0.843,5,-5.116,0,0.194,0.0255,0.0,0.114,0.591,144.883,238240,4
181,G-Dragon,30b9WulBM8sFuBo17nNq9c,COUP D'ETAT [+ ONE OF A KIND & HEARTBREAKER],1mVPbaMZGsPh5gzhvO6BBX,BLACK - JPN,2Ub2hha51JJ1FFKpNzDMYH,0.51,0.649,0,-7.638,1,0.384,0.39,0.0,0.0821,0.422,86.0,205520,4
182,G-Dragon,30b9WulBM8sFuBo17nNq9c,COUP D'ETAT [+ ONE OF A KIND & HEARTBREAKER],1mVPbaMZGsPh5gzhvO6BBX,WHO YOU? - JPN,7E3o82ZiiHY6ibieQuizrS,0.579,0.716,1,-4.558,1,0.168,0.156,0.0,0.29,0.739,88.679,203573,4
183,G-Dragon,30b9WulBM8sFuBo17nNq9c,COUP D'ETAT [+ ONE OF A KIND & HEARTBREAKER],1mVPbaMZGsPh5gzhvO6BBX,SHAKE THE WORLD,3h7BU4LMCVdixQ4eLZHyGv,0.735,0.768,7,-5.501,1,0.221,0.00438,0.0,0.316,0.639,128.036,176680,4
184,G-Dragon,30b9WulBM8sFuBo17nNq9c,COUP D'ETAT [+ ONE OF A KIND & HEARTBREAKER],1mVPbaMZGsPh5gzhvO6BBX,ミチGO,1imQ171KZ2OrWdltEvatcv,0.64,0.936,8,-4.972,1,0.422,0.0202,0.0,0.0963,0.354,154.292,210387,4
185,G-Dragon,30b9WulBM8sFuBo17nNq9c,COUP D'ETAT [+ ONE OF A KIND & HEARTBREAKER],1mVPbaMZGsPh5gzhvO6BBX,CROOKED - JPN,1J9rrJC0aYnjYwlqFLDjs4,0.668,0.904,2,-4.641,1,0.0943,0.00131,0.0,0.0617,0.837,130.068,226800,4
186,G-Dragon,30b9WulBM8sFuBo17nNq9c,COUP D'ETAT [+ ONE OF A KIND & HEARTBREAKER],1mVPbaMZGsPh5gzhvO6BBX,NILIRIA - G-DRAGON ver.,7yREmntIbZdgqBJaBPjWNM,0.595,0.869,2,-4.886,1,0.307,0.0784,0.0,0.862,0.549,160.039,174147,4
187,G-Dragon,30b9WulBM8sFuBo17nNq9c,COUP D'ETAT [+ ONE OF A KIND & HEARTBREAKER],1mVPbaMZGsPh5gzhvO6BBX,RUNAWAY,66ptV5QgsPR2IqvNyZfnGM,0.695,0.891,0,-2.634,1,0.0662,0.00678,0.0,0.342,0.722,119.919,203093,4
188,G-Dragon,30b9WulBM8sFuBo17nNq9c,COUP D'ETAT [+ ONE OF A KIND & HEARTBREAKER],1mVPbaMZGsPh5gzhvO6BBX,I LOVE IT,69gQJVmUwpc2z1WCslLda5,0.731,0.831,6,-5.403,0,0.0517,0.13,0.0,0.341,0.799,120.072,196840,4
189,G-Dragon,30b9WulBM8sFuBo17nNq9c,COUP D'ETAT [+ ONE OF A KIND & HEARTBREAKER],1mVPbaMZGsPh5gzhvO6BBX,YOU DO _OUTRO,7BB3vubFA93s3lOr6Pid61,0.869,0.473,8,-8.84,1,0.383,0.0909,0.0,0.114,0.53,133.982,160027,4
190,G-Dragon,30b9WulBM8sFuBo17nNq9c,COUP D'ETAT [+ ONE OF A KIND & HEARTBREAKER],1mVPbaMZGsPh5gzhvO6BBX,WINDOW,4CnkEnG9poJzBhd9ueF132,0.757,0.576,11,-7.123,0,0.0324,0.261,0.038,0.0737,0.542,129.974,229067,4
191,G-Dragon,30b9WulBM8sFuBo17nNq9c,COUP D'ETAT [+ ONE OF A KIND & HEARTBREAKER],1mVPbaMZGsPh5gzhvO6BBX,BLACK,417dJkBwuEEU27xsSxp9MJ,0.505,0.56,4,-9.276,0,0.311,0.37,0.0,0.124,0.501,87.049,206760,4
192,G-Dragon,30b9WulBM8sFuBo17nNq9c,COUP D'ETAT [+ ONE OF A KIND & HEARTBREAKER],1mVPbaMZGsPh5gzhvO6BBX,Annayatsu,3ABbq44lsSl31kgcE8Ji7L,0.752,0.472,7,-5.733,1,0.0609,0.522,0.0,0.179,0.771,119.783,201453,4
193,G-Dragon,30b9WulBM8sFuBo17nNq9c,COUP D'ETAT [+ ONE OF A KIND & HEARTBREAKER],1mVPbaMZGsPh5gzhvO6BBX,BLACK,1JD45OeFWN6lxXR6SVfxzo,0.49,0.648,0,-7.97,1,0.384,0.319,0.0,0.123,0.486,88.022,206000,4
194,G-Dragon,30b9WulBM8sFuBo17nNq9c,COUP D'ETAT [+ ONE OF A KIND & HEARTBREAKER],1mVPbaMZGsPh5gzhvO6BBX,WHO YOU?,7ce3bykNUi6rAXLN9pKpjn,0.738,0.721,1,-4.285,1,0.241,0.216,0.0,0.309,0.74,89.983,203253,4
195,G-Dragon,30b9WulBM8sFuBo17nNq9c,COUP D'ETAT [+ ONE OF A KIND & HEARTBREAKER],1mVPbaMZGsPh5gzhvO6BBX,CROOKED,0uy4ySEMXg62y54l54AGZ1,0.664,0.918,2,-3.166,1,0.091,0.00264,0.0,0.0544,0.767,129.968,228147,4
196,G-Dragon,30b9WulBM8sFuBo17nNq9c,COUP D'ETAT [+ ONE OF A KIND & HEARTBREAKER],1mVPbaMZGsPh5gzhvO6BBX,ONE OF A KIND,1gv0YJmwxobiMyF05mqZFi,0.61,0.798,7,-6.168,1,0.3,0.106,0.0,0.0646,0.734,171.863,207427,4
197,G-Dragon,30b9WulBM8sFuBo17nNq9c,COUP D'ETAT [+ ONE OF A KIND & HEARTBREAKER],1mVPbaMZGsPh5gzhvO6BBX,CRAYON,5csgMdDqFzAoDHiJM3fira,0.707,0.914,9,-3.762,1,0.132,0.0136,0.0,0.703,0.241,131.978,198627,4
198,G-Dragon,30b9WulBM8sFuBo17nNq9c,COUP D'ETAT [+ ONE OF A KIND & HEARTBREAKER],1mVPbaMZGsPh5gzhvO6BBX,WITHOUT YOU,08YtDyQxCFwzOlcGG1YMEZ,0.6,0.662,11,-6.888,1,0.0369,0.0376,0.0,0.346,0.352,124.021,244547,4
199,G-Dragon,30b9WulBM8sFuBo17nNq9c,COUP D'ETAT [+ ONE OF A KIND & HEARTBREAKER],1mVPbaMZGsPh5gzhvO6BBX,THAT XX,6kvk7i40aR5mJIAJ1v2Zz8,0.762,0.47,7,-5.635,1,0.0423,0.545,0.0,0.124,0.808,119.915,201053,4
200,G-Dragon,30b9WulBM8sFuBo17nNq9c,COUP D'ETAT [+ ONE OF A KIND & HEARTBREAKER],1mVPbaMZGsPh5gzhvO6BBX,MISSING YOU,71RESb9DHCr0SD7xCDT1ZE,0.743,0.801,5,-4.766,1,0.0636,0.167,0.0,0.0566,0.748,122.944,209000,4
201,G-Dragon,30b9WulBM8sFuBo17nNq9c,COUP D'ETAT [+ ONE OF A KIND & HEARTBREAKER],1mVPbaMZGsPh5gzhvO6BBX,TODAY,1Td8FWn3wk5n3bEk10sLDt,0.738,0.822,4,-4.977,1,0.0404,0.0314,0.0,0.458,0.886,126.989,220107,4
202,G-Dragon,30b9WulBM8sFuBo17nNq9c,COUP D'ETAT [+ ONE OF A KIND & HEARTBREAKER],1mVPbaMZGsPh5gzhvO6BBX,LIGHT IT UP,4oIb3679jChgRp9uOSOeiZ,0.811,0.588,0,-6.516,1,0.174,0.317,0.0,0.352,0.488,100.007,216813,4
203,G-Dragon,30b9WulBM8sFuBo17nNq9c,COUP D'ETAT [+ ONE OF A KIND & HEARTBREAKER],1mVPbaMZGsPh5gzhvO6BBX,A BOY,6BSJYYXrxW2GnaF1thXiVw,0.827,0.862,5,-4.763,0,0.0283,0.027,0.0,0.0736,0.832,115.011,211013,4
204,G-Dragon,30b9WulBM8sFuBo17nNq9c,COUP D'ETAT [+ ONE OF A KIND & HEARTBREAKER],1mVPbaMZGsPh5gzhvO6BBX,HEARTBREAKER,482veSkbzSAXnB704NvDOU,0.787,0.794,0,-3.75,0,0.0585,0.103,0.0,0.104,0.444,134.962,202973,4
205,G-Dragon,30b9WulBM8sFuBo17nNq9c,COUP D'ETAT [+ ONE OF A KIND & HEARTBREAKER],1mVPbaMZGsPh5gzhvO6BBX,BREATHE,50HdSkw2a9qy5dnGNlCxoB,0.853,0.668,9,-4.395,0,0.0463,0.0105,0.0,0.115,0.409,128.022,206227,4
206,G-Dragon,30b9WulBM8sFuBo17nNq9c,COUP D'ETAT [+ ONE OF A KIND & HEARTBREAKER],1mVPbaMZGsPh5gzhvO6BBX,BUTTERFLY,6ECYliYfEe869RedWIV7d4,0.756,0.631,4,-8.276,0,0.0708,0.261,0.0,0.127,0.463,100.012,224173,4
207,G-Dragon,30b9WulBM8sFuBo17nNq9c,COUP D'ETAT [+ ONE OF A KIND & HEARTBREAKER],1mVPbaMZGsPh5gzhvO6BBX,HELLO,7wvsOJ2164nojV4FlFTxYX,0.855,0.874,7,-4.791,1,0.209,0.0583,0.0,0.0993,0.775,116.994,200267,4
208,G-Dragon,30b9WulBM8sFuBo17nNq9c,COUP D'ETAT [+ ONE OF A KIND & HEARTBREAKER],1mVPbaMZGsPh5gzhvO6BBX,GOSSIP MAN,1DBBBZXAKRBB8mVoqtPJjW,0.763,0.884,8,-3.609,1,0.0444,0.0951,0.0,0.0908,0.52,120.05,213587,4
209,G-Dragon,30b9WulBM8sFuBo17nNq9c,COUP D'ETAT [+ ONE OF A KIND & HEARTBREAKER],1mVPbaMZGsPh5gzhvO6BBX,KOREAN DREAM,17LYCrItsw6gkPWjYhi6nj,0.786,0.834,0,-5.063,0,0.104,0.000764,0.0,0.374,0.78,127.082,197987,4
210,G-Dragon,30b9WulBM8sFuBo17nNq9c,COUP D'ETAT [+ ONE OF A KIND & HEARTBREAKER],1mVPbaMZGsPh5gzhvO6BBX,THE LEADERS,2pLoOnE6Pv0ogbumXD6fVj,0.746,0.772,7,-6.033,1,0.153,0.00635,1.19e-06,0.0784,0.495,98.005,228773,4
211,G-Dragon,30b9WulBM8sFuBo17nNq9c,COUP D'ETAT [+ ONE OF A KIND & HEARTBREAKER],1mVPbaMZGsPh5gzhvO6BBX,SHE'S GONE,60ZKlvgaTX2CKoV75pSqQB,0.697,0.972,5,-2.732,0,0.0976,0.0452,0.0,0.512,0.792,103.01,223267,4
212,G-Dragon,30b9WulBM8sFuBo17nNq9c,COUP D'ETAT [+ ONE OF A KIND & HEARTBREAKER],1mVPbaMZGsPh5gzhvO6BBX,1 Year,3A7eZBnwB8wx1U3JLVGoYH,0.755,0.908,1,-4.504,1,0.0936,0.115,0.0,0.0508,0.851,139.893,248173,4
213,TAEYANG,6udveWUgX4vu75FF0DTrXV,RISE [+ SOLAR & HOT],2Z80u1PO03Jk4eUccBUR90,INTRO (RISE) - KR Ver.,2isgeZqA5uengi2oXSWkDC,0.625,0.827,11,-3.28,1,0.0411,0.172,0.0,0.264,0.323,92.15,105256,4
214,TAEYANG,6udveWUgX4vu75FF0DTrXV,RISE [+ SOLAR & HOT],2Z80u1PO03Jk4eUccBUR90,"EYES, NOSE, LIPS",5Z6g2vnqBgd23HNRLDWoBY,0.645,0.536,0,-5.129,1,0.0363,0.686,0.0,0.0736,0.281,143.856,232067,4
215,TAEYANG,6udveWUgX4vu75FF0DTrXV,RISE [+ SOLAR & HOT],2Z80u1PO03Jk4eUccBUR90,1AM,4JKByZ2KYAcUaUAI7s4TDP,0.5,0.834,7,-3.186,1,0.0416,0.0141,0.0,0.119,0.371,174.045,192733,4
216,TAEYANG,6udveWUgX4vu75FF0DTrXV,RISE [+ SOLAR & HOT],2Z80u1PO03Jk4eUccBUR90,STAY WITH ME - KR Ver.,53OSN3yhbGuu2Sek5vQ4AK,0.654,0.823,9,-3.018,0,0.0399,0.176,0.0,0.11,0.366,82.529,202702,4
217,TAEYANG,6udveWUgX4vu75FF0DTrXV,RISE [+ SOLAR & HOT],2Z80u1PO03Jk4eUccBUR90,BODY - KR Ver.,1CWg8WYEUFRUnmh674XWvy,0.702,0.831,2,-3.722,1,0.0426,0.00505,0.0,0.16,0.505,128.019,190674,4
218,TAEYANG,6udveWUgX4vu75FF0DTrXV,RISE [+ SOLAR & HOT],2Z80u1PO03Jk4eUccBUR90,RINGA LINGA,32SSx7dPP3PdR9mxYMh3WD,0.575,0.857,1,-3.074,1,0.0398,0.0782,0.0,0.171,0.399,140.95,228573,4
219,TAEYANG,6udveWUgX4vu75FF0DTrXV,RISE [+ SOLAR & HOT],2Z80u1PO03Jk4eUccBUR90,THIS AIN'T IT - KR Ver.,01Pjcuz9KJyEP5Ycgj9Nm3,0.489,0.338,4,-6.662,1,0.0278,0.399,0.0,0.132,0.173,149.982,263933,3
220,TAEYANG,6udveWUgX4vu75FF0DTrXV,RISE [+ SOLAR & HOT],2Z80u1PO03Jk4eUccBUR90,LET GO - KR Ver.,1TMyosG1Gxt0Ix3orSvXhs,0.431,0.681,3,-3.869,1,0.0293,0.162,0.0,0.111,0.518,200.171,220780,3
221,TAEYANG,6udveWUgX4vu75FF0DTrXV,RISE [+ SOLAR & HOT],2Z80u1PO03Jk4eUccBUR90,LOVE YOU TO DEATH - KR Ver.,7vXOIxtzgC7B9J6TwCdtU3,0.383,0.758,1,-4.502,0,0.0446,0.00769,0.0,0.0803,0.391,79.827,221626,4
222,TAEYANG,6udveWUgX4vu75FF0DTrXV,RISE [+ SOLAR & HOT],2Z80u1PO03Jk4eUccBUR90,"EYES, NOSE, LIPS - KR Ver.",0wAT5mk3nei7GzisFJYHKy,0.641,0.518,0,-5.734,1,0.0366,0.727,0.0,0.263,0.259,143.811,229990,4
223,TAEYANG,6udveWUgX4vu75FF0DTrXV,RISE [+ SOLAR & HOT],2Z80u1PO03Jk4eUccBUR90,1AM - KR Ver.,4dbfbaNcCWhNp5iWKuFoTj,0.487,0.853,7,-3.121,1,0.0386,0.0115,0.0,0.165,0.287,173.931,191793,4
224,TAEYANG,6udveWUgX4vu75FF0DTrXV,RISE [+ SOLAR & HOT],2Z80u1PO03Jk4eUccBUR90,RINGA LINGA - KR Ver.,5Yey8y0zdSNnZkturzFuHg,0.587,0.846,1,-3.018,1,0.0664,0.0871,0.0,0.139,0.388,140.998,227021,4
225,TAEYANG,6udveWUgX4vu75FF0DTrXV,RISE [+ SOLAR & HOT],2Z80u1PO03Jk4eUccBUR90,INTRO (HOT) - KR Ver.,3syZOkGogta9SXBdBmTZGj,0.837,0.862,0,-5.481,1,0.144,0.0672,0.0,0.331,0.857,119.989,91173,4
226,TAEYANG,6udveWUgX4vu75FF0DTrXV,RISE [+ SOLAR & HOT],2Z80u1PO03Jk4eUccBUR90,PRAYER - KR Ver.,1qsy8pXznmHa2rRLKXmZT0,0.674,0.789,5,-5.374,0,0.0597,0.0229,0.0,0.116,0.714,142.872,221360,4
227,TAEYANG,6udveWUgX4vu75FF0DTrXV,RISE [+ SOLAR & HOT],2Z80u1PO03Jk4eUccBUR90,ONLY LOOK AT ME - KR Ver.,23n9TqcRSLlFre5DYwyAMT,0.706,0.667,2,-5.166,1,0.0338,0.261,0.0,0.34,0.861,140.05,240600,4
228,TAEYANG,6udveWUgX4vu75FF0DTrXV,RISE [+ SOLAR & HOT],2Z80u1PO03Jk4eUccBUR90,A SINNER - KR Ver.,5jo4uDyRnFt4wcjuKIySx1,0.776,0.583,5,-4.248,0,0.034,0.118,0.0,0.0679,0.908,124.941,192867,4
229,TAEYANG,6udveWUgX4vu75FF0DTrXV,RISE [+ SOLAR & HOT],2Z80u1PO03Jk4eUccBUR90,BABY I'M SORRY - KR Ver.,561AcwAkouG6V8jcgy1dhN,0.685,0.651,0,-5.759,1,0.0364,0.353,0.0,0.223,0.522,128.139,246027,4
230,TAEYANG,6udveWUgX4vu75FF0DTrXV,RISE [+ SOLAR & HOT],2Z80u1PO03Jk4eUccBUR90,MAKE LOVE - KR Ver.,1sDPOLugZEXsYPl2SZwYY5,0.684,0.709,10,-3.595,0,0.0308,0.128,0.0,0.125,0.328,109.969,207413,4
231,TAEYANG,6udveWUgX4vu75FF0DTrXV,RISE [+ SOLAR & HOT],2Z80u1PO03Jk4eUccBUR90,INTRO (SOLAR) - KR Ver.,5oPDtXQx1p9noGzsWxAEXg,0.551,0.386,9,-9.25,0,0.0392,0.276,9.28e-06,0.0962,0.0678,132.034,59093,4
232,TAEYANG,6udveWUgX4vu75FF0DTrXV,RISE [+ SOLAR & HOT],2Z80u1PO03Jk4eUccBUR90,SUPERSTAR - KR Ver.,6JvE9oJ2I9pnTYiRSxjqNK,0.665,0.838,0,-3.63,1,0.0403,0.171,0.0,0.0887,0.638,95.005,194533,4
233,TAEYANG,6udveWUgX4vu75FF0DTrXV,RISE [+ SOLAR & HOT],2Z80u1PO03Jk4eUccBUR90,I NEED A GIRL - KR Ver.,0L2DlHJZbHYCyc9jc12VFZ,0.378,0.546,8,-6.782,0,0.108,0.446,0.0,0.125,0.56,58.37,219600,4
234,TAEYANG,6udveWUgX4vu75FF0DTrXV,RISE [+ SOLAR & HOT],2Z80u1PO03Jk4eUccBUR90,JUST A FEELING - KR Ver.,3Yl8ku3F5JhJgHboLruAdJ,0.743,0.816,8,-2.507,1,0.0396,0.242,0.0,0.183,0.604,124.972,219573,4
235,TAEYANG,6udveWUgX4vu75FF0DTrXV,RISE [+ SOLAR & HOT],2Z80u1PO03Jk4eUccBUR90,YOU'RE MY - KR Ver.,6vrwzIiIgv3k5QPc4oslDW,0.481,0.23,9,-10.838,1,0.0688,0.944,0.0,0.0924,0.324,62.994,170160,4
236,TAEYANG,6udveWUgX4vu75FF0DTrXV,RISE [+ SOLAR & HOT],2Z80u1PO03Jk4eUccBUR90,MOVE - KR Ver.,4DvKDZJKCumJrd18Z6TGZd,0.527,0.745,1,-4.751,1,0.102,0.0844,0.0,0.376,0.526,170.529,231707,4
237,TAEYANG,6udveWUgX4vu75FF0DTrXV,RISE [+ SOLAR & HOT],2Z80u1PO03Jk4eUccBUR90,BREAK DOWN - KR Ver.,5iCMzuuGLOeCg7wyhvcVsx,0.704,0.892,2,-3.27,1,0.0931,0.0847,0.0,0.0728,0.793,150.052,242960,4
238,TAEYANG,6udveWUgX4vu75FF0DTrXV,RISE [+ SOLAR & HOT],2Z80u1PO03Jk4eUccBUR90,AFTER YOU SLEEP - KR Ver.,4cwXrq6oQ42jTXLFrWjMo7,0.734,0.69,11,-4.689,1,0.048,0.304,0.0,0.376,0.452,115.087,225533,4
239,TAEYANG,6udveWUgX4vu75FF0DTrXV,RISE [+ SOLAR & HOT],2Z80u1PO03Jk4eUccBUR90,WHERE U AT - KR Ver.,36Ph2cdJXhvtSYmJefrISa,0.609,0.754,3,-3.583,1,0.0365,0.00407,0.0,0.151,0.531,150.014,229160,4
240,TAEYANG,6udveWUgX4vu75FF0DTrXV,RISE [+ SOLAR & HOT],2Z80u1PO03Jk4eUccBUR90,WEDDING DRESS - KR Ver.,2VxezVlqn80ILXxJ0Bl20v,0.725,0.675,0,-4.734,1,0.0361,0.11,0.0,0.131,0.681,133.935,242413,4
241,TAEYANG,6udveWUgX4vu75FF0DTrXV,RISE [+ SOLAR & HOT],2Z80u1PO03Jk4eUccBUR90,TAKE IT SLOW - KR Ver.,6trfszFaHmTtPQhgyLpR9c,0.717,0.632,2,-6.663,0,0.0262,0.125,0.0,0.375,0.186,112.007,263573,4
242,BIBI,6UbmqUEgjLA6jAcXwbM1Z9,Gringas,37IFkjRyzSbBWubkkHD6RL,Shallow,3kNp3VitRNbH3TOqO64rzt,0.648,0.0873,6,-12.902,1,0.0391,0.9,0.0,0.333,0.258,104.392,168371,1
243,BIBI,6UbmqUEgjLA6jAcXwbM1Z9,Gringas,37IFkjRyzSbBWubkkHD6RL,"Thank U, Next",5TSkgEMFwQoPv8KxH9NQk9,0.528,0.228,1,-9.457,1,0.0629,0.85,0.0,0.108,0.463,132.215,165324,5
244,BIBI,6UbmqUEgjLA6jAcXwbM1Z9,Gringas,37IFkjRyzSbBWubkkHD6RL,Mia (Drake Mash Up),1g4TqjqiLRj0lr7OaAufln,0.699,0.228,9,-10.31,1,0.0878,0.836,0.0,0.192,0.563,98.513,183942,4
245,BIBI,6UbmqUEgjLA6jAcXwbM1Z9,Gringas,37IFkjRyzSbBWubkkHD6RL,Best Part,1pwbz7IH7mpSbMA0Jf31GM,0.463,0.166,4,-10.415,1,0.0535,0.891,0.0,0.295,0.466,87.628,189290,5
246,BIBI,6UbmqUEgjLA6jAcXwbM1Z9,Gringas,37IFkjRyzSbBWubkkHD6RL,Love on the Brain,46BzrlLcrAZ18OaWw2oxnH,0.493,0.149,4,-10.113,0,0.0371,0.852,0.0,0.0976,0.377,90.348,238883,3
247,BIBI,6UbmqUEgjLA6jAcXwbM1Z9,Gringas,37IFkjRyzSbBWubkkHD6RL,Wow /Better Now (Post Malone Mash up),28my3Qvt2VQDzl64IrHt3A,0.539,0.251,10,-6.589,1,0.0758,0.766,0.0,0.0992,0.631,80.578,224291,4
248,BIBI,6UbmqUEgjLA6jAcXwbM1Z9,Gringas,37IFkjRyzSbBWubkkHD6RL,More Than Words,5aZaJ9NLe4h4QO7YhlFWvp,0.532,0.236,7,-6.508,1,0.0278,0.808,0.0,0.229,0.386,100.509,228741,4
249,BIBI,6UbmqUEgjLA6jAcXwbM1Z9,Gringas,37IFkjRyzSbBWubkkHD6RL,Girls Like You,2q5AHw2PVEUrpfDTUoqub7,0.71,0.299,2,-6.926,1,0.0462,0.853,0.0,0.102,0.496,123.845,220515,4
250,BIBI,6UbmqUEgjLA6jAcXwbM1Z9,Gringas,37IFkjRyzSbBWubkkHD6RL,Dancing with a Stranger (Sam Smith Mash up),7ilJdJZi3rihX68LykqKbi,0.517,0.183,0,-9.08,0,0.0574,0.802,0.0,0.106,0.449,102.728,167383,4
251,BIBI,6UbmqUEgjLA6jAcXwbM1Z9,Gringas,37IFkjRyzSbBWubkkHD6RL,7 Rings,4i6eIZlpRLkbCPvMqvCr7h,0.635,0.231,1,-7.486,0,0.109,0.862,0.0,0.104,0.372,133.37,199281,4
252,BIBI,6UbmqUEgjLA6jAcXwbM1Z9,Gringas,37IFkjRyzSbBWubkkHD6RL,In My Blood,6valHidXoPsRD32DTC558E,0.524,0.075,5,-14.842,1,0.0451,0.878,0.0,0.103,0.243,141.463,220890,4
253,BIBI,6UbmqUEgjLA6jAcXwbM1Z9,Gringas,37IFkjRyzSbBWubkkHD6RL,Man Down,2nvuBCL2dyDW6LxN47CXmZ,0.501,0.264,0,-9.589,0,0.202,0.765,0.0,0.118,0.413,75.163,250388,4
254,BIBI,6UbmqUEgjLA6jAcXwbM1Z9,Gringas,37IFkjRyzSbBWubkkHD6RL,The One That Got Away,79LYUwySpyt1RgG4fPX9Zu,0.537,0.0636,4,-12.145,1,0.0398,0.879,0.0,0.144,0.247,118.544,222694,4
255,BIBI,6UbmqUEgjLA6jAcXwbM1Z9,Gringas,37IFkjRyzSbBWubkkHD6RL,Use Somebody / Every Breath You Take (Mash up),6oBbxVYX5vGIDfb3TXv9QS,0.508,0.107,4,-12.03,1,0.0394,0.894,0.0,0.134,0.284,124.56,195817,4
256,BIBI,6UbmqUEgjLA6jAcXwbM1Z9,Gringas,37IFkjRyzSbBWubkkHD6RL,Someone Like You,7FfYSvnBhEQGyLgNa8MAnR,0.459,0.0764,9,-12.718,1,0.0396,0.811,0.0,0.113,0.223,135.127,234000,4
257,BIBI,6UbmqUEgjLA6jAcXwbM1Z9,Gringas,37IFkjRyzSbBWubkkHD6RL,Put Your Records On,6Rk3fOfckkutzFfv8qNr5j,0.662,0.0919,9,-13.733,1,0.0484,0.816,0.0,0.114,0.317,91.341,219921,4
258,BIBI,6UbmqUEgjLA6jAcXwbM1Z9,Gringas,37IFkjRyzSbBWubkkHD6RL,Killing Me Softly,6xpBaNiQzzszThwJqiDeCn,0.537,0.115,4,-13.327,0,0.0475,0.905,0.0,0.102,0.312,128.338,193500,4
259,BIBI,6UbmqUEgjLA6jAcXwbM1Z9,Gringas,37IFkjRyzSbBWubkkHD6RL,Fireflies,5oK77HqGJ3TbcdcZOjPwAc,0.495,0.163,3,-11.535,1,0.0431,0.896,0.0,0.152,0.436,91.493,155183,4
260,BIBI,6UbmqUEgjLA6jAcXwbM1Z9,Gringas,37IFkjRyzSbBWubkkHD6RL,That's What I Like,1CnGaOHauJf8NQyDxtQptL,0.545,0.201,1,-10.619,1,0.166,0.936,0.0,0.129,0.528,151.53,207239,4
261,BIBI,6UbmqUEgjLA6jAcXwbM1Z9,Gringas,37IFkjRyzSbBWubkkHD6RL,Rehab,5MbQoiJG2wf83XSCUUzbij,0.433,0.384,0,-5.697,1,0.0322,0.904,0.0,0.287,0.46,148.206,208205,4
262,BIBI,6UbmqUEgjLA6jAcXwbM1Z9,Gringas,37IFkjRyzSbBWubkkHD6RL,I'm Not the Only One,2rH1fYGL48GSAAsFap1zcx,0.563,0.144,5,-10.152,1,0.0332,0.84,0.0,0.0715,0.231,91.049,205665,4
263,BIBI,6UbmqUEgjLA6jAcXwbM1Z9,Gringas,37IFkjRyzSbBWubkkHD6RL,I'm so Tired,6KgVVFkdQ0dPTPoRXJQSr0,0.564,0.159,2,-11.378,1,0.0359,0.891,0.0,0.0975,0.602,95.133,149896,4
264,BIBI,6UbmqUEgjLA6jAcXwbM1Z9,Gringas,37IFkjRyzSbBWubkkHD6RL,We Found Love & Can't Help Falling in Love (Mash up),44XCMpGa4yK1M2NvMxG2Tq,0.537,0.0836,9,-10.5,0,0.0389,0.869,0.0,0.0994,0.221,127.274,212835,4
265,BIBI,6UbmqUEgjLA6jAcXwbM1Z9,Gringas,37IFkjRyzSbBWubkkHD6RL,Easier,2ZEvXRGUs4GGXYbO1ntfOe,0.549,0.294,5,-7.18,1,0.0911,0.855,0.0,0.497,0.474,102.213,144633,4
266,BIBI,6UbmqUEgjLA6jAcXwbM1Z9,Gringas,37IFkjRyzSbBWubkkHD6RL,Your Body Is a Wonderland,3OfPoVLb53qidtdhSyhopZ,0.699,0.207,5,-11.076,1,0.0394,0.826,0.0,0.13,0.621,98.838,207907,4
267,BIBI,6UbmqUEgjLA6jAcXwbM1Z9,Gringas,37IFkjRyzSbBWubkkHD6RL,Somebody Else,5cxlORKellV9PbNQKmlJGr,0.624,0.231,7,-6.102,0,0.0395,0.757,0.0,0.0744,0.48,133.162,197293,4
268,BIBI,6UbmqUEgjLA6jAcXwbM1Z9,Gringas,37IFkjRyzSbBWubkkHD6RL,Old Town Road,3N45y4ZbxUi1g5xsZP89i0,0.531,0.208,4,-8.772,1,0.0406,0.914,0.0,0.0965,0.326,128.088,187523,5
269,BIBI,6UbmqUEgjLA6jAcXwbM1Z9,Gringas,37IFkjRyzSbBWubkkHD6RL,Beautiful People,68pnEnER9xHuqslFsyaC56,0.503,0.237,7,-7.065,1,0.0533,0.848,0.0,0.149,0.562,150.38,99026,4
270,BIBI,6UbmqUEgjLA6jAcXwbM1Z9,Gringas,37IFkjRyzSbBWubkkHD6RL,Is This Love,4qqm3ZqQ6ywOjfRGAk2oEn,0.512,0.206,10,-10.096,0,0.035,0.947,0.0,0.0752,0.317,122.757,209382,4
271,BIBI,6UbmqUEgjLA6jAcXwbM1Z9,Gringas,37IFkjRyzSbBWubkkHD6RL,Your Song,04OLncZYELyCqxdS4X1X2A,0.445,0.083,9,-12.26,1,0.0532,0.878,0.0,0.137,0.179,84.484,196306,1
272,BIBI,6UbmqUEgjLA6jAcXwbM1Z9,Gringas,37IFkjRyzSbBWubkkHD6RL,Time of My Life,3vcftzwOYzOCeFixJ8zPWm,0.536,0.315,9,-5.644,1,0.0331,0.839,0.0,0.151,0.435,113.362,178969,4
273,BIBI,6UbmqUEgjLA6jAcXwbM1Z9,Gringas,37IFkjRyzSbBWubkkHD6RL,The Middle,6mZn7Vv3Sk5Qx8EdKBmzja,0.629,0.292,1,-6.819,1,0.0952,0.824,0.0,0.334,0.552,114.82,141073,4
274,BIBI,6UbmqUEgjLA6jAcXwbM1Z9,Gringas,37IFkjRyzSbBWubkkHD6RL,I Don't Wanna Miss a Thing,6jGbZSzeayyFUuL1aWUC0y,0.494,0.15,2,-11.202,1,0.0339,0.87,0.0,0.105,0.27,87.64,158783,3
275,BIBI,6UbmqUEgjLA6jAcXwbM1Z9,Gringas,37IFkjRyzSbBWubkkHD6RL,Stickwitu,259ndF2C3MsQMoktRQ5yUF,0.572,0.266,9,-9.58,1,0.0578,0.939,0.0,0.102,0.416,81.681,164822,4
276,BIBI,6UbmqUEgjLA6jAcXwbM1Z9,Gringas,37IFkjRyzSbBWubkkHD6RL,Needed Me,3Es90Mic5h4j1JbI6mPuYg,0.611,0.166,3,-11.57,1,0.32,0.835,0.0,0.0744,0.305,117.92,164538,3
277,BIBI,6UbmqUEgjLA6jAcXwbM1Z9,Gringas,37IFkjRyzSbBWubkkHD6RL,Sunflower,7fHPl93vy2DygIjsVt8bnY,0.634,0.176,2,-9.632,1,0.0549,0.94,0.0,0.122,0.448,87.916,149784,4
278,BIBI,6UbmqUEgjLA6jAcXwbM1Z9,Gringas,37IFkjRyzSbBWubkkHD6RL,Earned It,1EMYtNxjdJo5kuRbe5JTOS,0.577,0.0841,2,-11.943,0,0.0497,0.926,0.0,0.0989,0.406,123.508,230206,3
279,BIBI,6UbmqUEgjLA6jAcXwbM1Z9,Gringas,37IFkjRyzSbBWubkkHD6RL,We Don't Talk Anymore,6NugxmggQHPvU8qlJZqP3N,0.467,0.249,1,-7.32,0,0.0389,0.944,0.0,0.0863,0.393,98.181,193503,4
280,BIBI,6UbmqUEgjLA6jAcXwbM1Z9,Gringas,37IFkjRyzSbBWubkkHD6RL,She Will Be Loved,6HVmxxKYqxcoI8jyfMSDW1,0.707,0.183,3,-8.838,1,0.0391,0.833,0.0,0.0968,0.368,106.17,226206,4
281,BIBI,6UbmqUEgjLA6jAcXwbM1Z9,Gringas,37IFkjRyzSbBWubkkHD6RL,Fire,2uz6KOoL0nYFrVGhbsQoxG,0.373,0.206,9,-9.455,1,0.0495,0.867,0.0,0.159,0.31,191.171,134027,4
282,BIBI,6UbmqUEgjLA6jAcXwbM1Z9,Gringas,37IFkjRyzSbBWubkkHD6RL,Lights Up,1CUWiWtiCWEEBKnpfmCvqW,0.401,0.22,11,-8.657,0,0.046,0.901,0.0,0.091,0.339,199.944,167676,4
283,BIBI,6UbmqUEgjLA6jAcXwbM1Z9,Gringas,37IFkjRyzSbBWubkkHD6RL,Glad You Came,5uMOx8ucoMx9WYmivn7fVl,0.659,0.274,4,-7.375,1,0.037,0.879,0.0,0.163,0.441,125.362,162871,4
284,BIBI,6UbmqUEgjLA6jAcXwbM1Z9,Gringas,37IFkjRyzSbBWubkkHD6RL,Breakeven,20Xz3rhus9V6SM8n4RMhI0,0.584,0.198,10,-9.424,1,0.0457,0.759,0.0,0.106,0.446,92.809,177375,4
285,WENDY,0FRUZvZNPzM3YJMABJxf2K,JTBC DRAMA 'D-DAY' OST,5b4hZAKQlfAAfSq9YJI90P,아나요 Let You Know,4k2iQHucEGK7yeHznpYWmD,0.478,0.513,4,-4.816,1,0.0318,0.757,0.0,0.16,0.335,133.507,228333,4
286,WENDY,0FRUZvZNPzM3YJMABJxf2K,JTBC DRAMA 'D-DAY' OST,5b4hZAKQlfAAfSq9YJI90P,그날까지 The Day,6YVr0vHHhkjYNuNWZuuO5S,0.483,0.434,7,-6.689,1,0.0298,0.664,0.0,0.12,0.161,131.933,260863,4
287,WENDY,0FRUZvZNPzM3YJMABJxf2K,JTBC DRAMA 'D-DAY' OST,5b4hZAKQlfAAfSq9YJI90P,추억인 듯 상처인 듯 Memories,4VyW0XFGJPKOQEQYN7A8fm,0.409,0.194,1,-9.048,1,0.0343,0.88,1.04e-06,0.1,0.379,135.506,289307,4
288,WENDY,0FRUZvZNPzM3YJMABJxf2K,JTBC DRAMA 'D-DAY' OST,5b4hZAKQlfAAfSq9YJI90P,아나요 Let You Know - Instrumental,6xwUpkCGDJsa5l2DNdxxnq,0.487,0.416,4,-9.009,1,0.029,0.256,0.944,0.135,0.123,133.959,228320,4
289,WENDY,0FRUZvZNPzM3YJMABJxf2K,JTBC DRAMA 'D-DAY' OST,5b4hZAKQlfAAfSq9YJI90P,그날까지 The Day - Instrumental,5dkXOnKpZshF14hSK6O6Hs,0.496,0.388,7,-9.157,1,0.0265,0.277,0.879,0.118,0.0839,132.02,260863,4
290,WENDY,0FRUZvZNPzM3YJMABJxf2K,JTBC DRAMA 'D-DAY' OST,5b4hZAKQlfAAfSq9YJI90P,추억인 듯 상처인 듯 Memories - Instrumental,0gM4GWN4ET1qF8aqEpW5qG,0.51,0.134,1,-15.111,1,0.0361,0.939,0.855,0.0994,0.163,136.017,289307,4
291,WENDY,0FRUZvZNPzM3YJMABJxf2K,JTBC DRAMA 'D-DAY' OST,5b4hZAKQlfAAfSq9YJI90P,D-DAY Main Theme,6yMRQsroloNdxTJOaTKtDc,0.0728,0.537,4,-8.765,0,0.0415,0.652,0.946,0.356,0.0389,76.296,267880,3
292,WENDY,0FRUZvZNPzM3YJMABJxf2K,JTBC DRAMA 'D-DAY' OST,5b4hZAKQlfAAfSq9YJI90P,Disaster,4S6LtUI2bZNDgTMscgrJkj,0.379,0.914,10,-5.451,1,0.0752,0.182,0.955,0.0879,0.122,97.922,86398,4
293,WENDY,0FRUZvZNPzM3YJMABJxf2K,JTBC DRAMA 'D-DAY' OST,5b4hZAKQlfAAfSq9YJI90P,Aftereffect,16kH8rAoM573NzyBNeBGwO,0.126,0.41,2,-13.944,0,0.0461,0.669,0.937,0.109,0.0381,68.773,206393,4
294,WENDY,0FRUZvZNPzM3YJMABJxf2K,JTBC DRAMA 'D-DAY' OST,5b4hZAKQlfAAfSq9YJI90P,Emergency,3dZNAk5uYAVdzyo6F7poHf,0.481,0.451,4,-10.961,0,0.0501,0.044,0.829,0.234,0.32,119.973,94108,4
295,WENDY,0FRUZvZNPzM3YJMABJxf2K,JTBC DRAMA 'D-DAY' OST,5b4hZAKQlfAAfSq9YJI90P,Endless Mission,5N2OxA2pkOY4rAVpgd6Pxb,0.269,0.864,2,-4.436,0,0.0559,0.131,0.937,0.0549,0.329,78.191,158303,3
296,WENDY,0FRUZvZNPzM3YJMABJxf2K,JTBC DRAMA 'D-DAY' OST,5b4hZAKQlfAAfSq9YJI90P,Risky Surgery,5uJWBJGEGwKkrYBsLZXDaw,0.32,0.512,9,-10.453,0,0.0457,0.667,0.924,0.11,0.189,110.952,126876,4
297,WENDY,0FRUZvZNPzM3YJMABJxf2K,JTBC DRAMA 'D-DAY' OST,5b4hZAKQlfAAfSq9YJI90P,Confrontation,6Ier6VVnjPq3bKUrutj5l6,0.409,0.735,9,-8.713,1,0.0398,0.00313,0.678,0.0789,0.0654,168.006,174763,4
298,WENDY,0FRUZvZNPzM3YJMABJxf2K,JTBC DRAMA 'D-DAY' OST,5b4hZAKQlfAAfSq9YJI90P,Conspiracy,67ZBVIwwfWi1AViSBTwNXi,0.191,0.343,2,-13.431,1,0.0359,0.495,0.906,0.125,0.0394,90.028,154283,4
299,WENDY,0FRUZvZNPzM3YJMABJxf2K,JTBC DRAMA 'D-DAY' OST,5b4hZAKQlfAAfSq9YJI90P,Salvation,4iBz53AOadkbR27nkSdtw3,0.0968,0.723,4,-8.956,0,0.0727,0.00607,0.88,0.105,0.0705,165.868,248149,4
300,WENDY,0FRUZvZNPzM3YJMABJxf2K,JTBC DRAMA 'D-DAY' OST,5b4hZAKQlfAAfSq9YJI90P,Holy Desire,6PKDY9XS1Z2pdaWBp2w9uo,0.261,0.283,4,-15.602,0,0.0319,0.806,0.887,0.14,0.0966,140.079,171382,4
301,WENDY,0FRUZvZNPzM3YJMABJxf2K,JTBC DRAMA 'D-DAY' OST,5b4hZAKQlfAAfSq9YJI90P,Consolation,2EAzaRkPiZY9AEKTceROpS,0.244,0.158,0,-16.559,1,0.0341,0.892,0.887,0.112,0.0982,136.257,186975,5
302,WENDY,0FRUZvZNPzM3YJMABJxf2K,JTBC DRAMA 'D-DAY' OST,5b4hZAKQlfAAfSq9YJI90P,Accident Field,1VrwupomL1e6bTEH4zwExx,0.152,0.435,4,-13.701,0,0.0379,0.765,0.925,0.0993,0.0382,76.071,136533,4
303,WENDY,0FRUZvZNPzM3YJMABJxf2K,JTBC DRAMA 'D-DAY' OST,5b4hZAKQlfAAfSq9YJI90P,Tragedy,3Sy8In28niOcUdNtWRuZxu,0.178,0.14,9,-16.389,0,0.0403,0.913,0.929,0.0835,0.0371,70.011,256307,4
304,WENDY,0FRUZvZNPzM3YJMABJxf2K,JTBC DRAMA 'D-DAY' OST,5b4hZAKQlfAAfSq9YJI90P,Patience,3amleyTPE93g44sQfvouU1,0.169,0.0858,9,-16.002,1,0.0432,0.959,0.94,0.0966,0.0525,110.526,225732,5
305,WENDY,0FRUZvZNPzM3YJMABJxf2K,JTBC DRAMA 'D-DAY' OST,5b4hZAKQlfAAfSq9YJI90P,Vocation,5TfKTGQXJTfItfY0SIDWPV,0.0973,0.616,0,-8.736,1,0.0536,0.727,0.925,0.135,0.316,169.663,71098,4
306,DJ DOC,3kDgt4vVKGTLmtC3FkOwWF,디제이덕 Best Of Best Panda Mix,2SEJCVu0Cifx6X6T2XkLsg,Intro - Intro,3mWmM14VFT2cQR4jgbEu9t,0.329,0.403,1,-6.222,1,0.177,9.42e-05,0.000123,0.569,0.374,54.711,21290,4
307,DJ DOC,3kDgt4vVKGTLmtC3FkOwWF,디제이덕 Best Of Best Panda Mix,2SEJCVu0Cifx6X6T2XkLsg,머피의 법칙,2lKsvGliy7BB10dKgrfdz0,0.677,0.995,10,-3.038,0,0.0647,0.0361,7.87e-05,0.403,0.809,127.78,185940,4
308,DJ DOC,3kDgt4vVKGTLmtC3FkOwWF,디제이덕 Best Of Best Panda Mix,2SEJCVu0Cifx6X6T2XkLsg,슈퍼맨의 비애,3q3EEyVftEE3bnaaNmOYpb,0.778,0.931,1,-2.989,0,0.0524,0.00448,0.0,0.198,0.769,129.74,172121,4
309,DJ DOC,3kDgt4vVKGTLmtC3FkOwWF,디제이덕 Best Of Best Panda Mix,2SEJCVu0Cifx6X6T2XkLsg,미녀와 야수(OK! OK!),3SUYSgYOcYHw3rXcRsJgtf,0.704,0.977,9,-2.641,1,0.0575,0.0195,0.059,0.353,0.612,129.849,153443,4
310,DJ DOC,3kDgt4vVKGTLmtC3FkOwWF,디제이덕 Best Of Best Panda Mix,2SEJCVu0Cifx6X6T2XkLsg,이별의 모습,4NE8NGSQyzm6vD3YuDA4w0,0.74,0.999,10,-2.882,1,0.0569,0.0281,0.00484,0.295,0.961,130.655,115801,4
311,DJ DOC,3kDgt4vVKGTLmtC3FkOwWF,디제이덕 Best Of Best Panda Mix,2SEJCVu0Cifx6X6T2XkLsg,나의 성공담,4tDmKyzbXjm8imXNcJNW19,0.733,0.969,8,-2.959,1,0.0475,0.011,0.0,0.486,0.938,134.483,183850,4
312,DJ DOC,3kDgt4vVKGTLmtC3FkOwWF,디제이덕 Best Of Best Panda Mix,2SEJCVu0Cifx6X6T2XkLsg,겨울 이야기 - Radio Version,4hkOy5iYjnykJfSh1lwmey,0.695,0.995,7,-3.149,1,0.0441,0.019,0.00102,0.338,0.945,134.629,212088,4
313,DJ DOC,3kDgt4vVKGTLmtC3FkOwWF,디제이덕 Best Of Best Panda Mix,2SEJCVu0Cifx6X6T2XkLsg,내게 돌아와줘,7y7Ks5MgwVOAh4GEAhNuZT,0.768,0.983,9,-4.873,0,0.046,0.000652,0.877,0.357,0.964,134.577,110629,4
314,DJ DOC,3kDgt4vVKGTLmtC3FkOwWF,디제이덕 Best Of Best Panda Mix,2SEJCVu0Cifx6X6T2XkLsg,A.P.T,3onLnAQxw0a0Mjj1KqjTYt,0.724,0.987,10,-4.755,1,0.0429,4.86e-05,0.341,0.293,0.96,137.975,155376,4
315,DJ DOC,3kDgt4vVKGTLmtC3FkOwWF,디제이덕 Best Of Best Panda Mix,2SEJCVu0Cifx6X6T2XkLsg,사랑하기 때문에,1bvP6GkAxKD9F0VR5v4Qyc,0.51,0.191,10,-11.67,1,0.03,0.889,8.39e-05,0.136,0.0825,116.985,164023,4
316,DJ DOC,3kDgt4vVKGTLmtC3FkOwWF,디제이덕 Best Of Best Panda Mix,2SEJCVu0Cifx6X6T2XkLsg,이제는 달라,7ttSTmGxM2ZG2db6UzwwA2,0.618,0.561,0,-5.734,1,0.0267,0.146,0.000181,0.733,0.654,148.447,160549,4
317,DJ DOC,3kDgt4vVKGTLmtC3FkOwWF,디제이덕 Best Of Best Panda Mix,2SEJCVu0Cifx6X6T2XkLsg,고향의 봄,2liIwo8cgYeQ4Zhc9wF6gQ,0.603,0.377,0,-7.873,1,0.0373,0.212,0.145,0.24,0.142,74.044,52166,4
318,DJ DOC,3kDgt4vVKGTLmtC3FkOwWF,디제이덕 Best Of Best Panda Mix,2SEJCVu0Cifx6X6T2XkLsg,Good-Bye(Lately),2ezeP65wYq5Mi7rllH2KXI,0.509,0.702,2,-4.976,0,0.0449,0.22,0.0,0.617,0.181,122.194,176039,4
319,DJ DOC,3kDgt4vVKGTLmtC3FkOwWF,디제이덕 Best Of Best Panda Mix,2SEJCVu0Cifx6X6T2XkLsg,Remember,1EGIAh9GfWCrZNYG1Qa266,0.785,0.811,0,-5.126,1,0.0599,0.197,0.000107,0.249,0.796,81.941,232359,4
320,DJ DOC,3kDgt4vVKGTLmtC3FkOwWF,디제이덕 Best Of Best Panda Mix,2SEJCVu0Cifx6X6T2XkLsg,Yesterday,5FEzZhWFSw2nJ26UiDu7mO,0.801,0.808,2,-5.148,1,0.0513,0.0067,0.492,0.065,0.745,103.48,152633,4
321,DJ DOC,3kDgt4vVKGTLmtC3FkOwWF,디제이덕 Best Of Best Panda Mix,2SEJCVu0Cifx6X6T2XkLsg,한잎의 여자,39b1wOV2IT6nUx7eNuuS6U,0.816,0.942,7,-3.313,1,0.186,0.218,0.0,0.318,0.649,104.535,91716,4
322,DJ DOC,3kDgt4vVKGTLmtC3FkOwWF,디제이덕 Best Of Best Panda Mix,2SEJCVu0Cifx6X6T2XkLsg,다이어트,7JETs6eHvBrAFQXnsN7QbX,0.802,0.911,10,-4.284,0,0.0765,0.00814,1.18e-06,0.322,0.844,106.078,131265,4
323,DJ DOC,3kDgt4vVKGTLmtC3FkOwWF,디제이덕 Best Of Best Panda Mix,2SEJCVu0Cifx6X6T2XkLsg,성수대교,0wNVpHlXjIRHenUsfPCk0N,0.788,0.856,1,-4.544,1,0.191,0.0418,0.00013,0.405,0.528,109.258,166870,4
324,DJ DOC,3kDgt4vVKGTLmtC3FkOwWF,디제이덕 Best Of Best Panda Mix,2SEJCVu0Cifx6X6T2XkLsg,애국가,1JORmqQr2UXQTbUC4QJBeH,0.348,0.345,0,-8.973,1,0.0323,0.575,0.0624,0.337,0.201,62.245,89443,4
325,DJ DOC,3kDgt4vVKGTLmtC3FkOwWF,디제이덕 Best Of Best Panda Mix,2SEJCVu0Cifx6X6T2XkLsg,Happy Birthday,4ZYHuykMrVlhqeR3tkRh53,0.483,0.732,4,-5.364,1,0.0932,0.0914,3.1e-05,0.559,0.716,64.106,61936,4
326,DJ DOC,3kDgt4vVKGTLmtC3FkOwWF,디제이덕 Best Of Best Panda Mix,2SEJCVu0Cifx6X6T2XkLsg,Wedding March,77dgybedjfY7YrB7J87eHy,0.476,0.83,0,-4.615,1,0.0477,0.287,0.749,0.301,0.632,82.706,53211,4
327,Lee Seung Chul ,5Ecf8RR2UWFAvyeItabffF,이승철 Best of Best,3aBYqXTKwqR2rhEynFnIpt,안녕이라고 말하지마,7f3yjBfwTLQElZHLue8dcs,0.522,0.568,7,-7.313,1,0.028,0.0176,9.81e-06,0.244,0.253,153.158,233096,4
328,Lee Seung Chul ,5Ecf8RR2UWFAvyeItabffF,이승철 Best of Best,3aBYqXTKwqR2rhEynFnIpt,희야,5eYjR1JwrR4ebdPIZRLCzE,0.587,0.44,2,-8.315,1,0.0414,0.000765,0.000824,0.107,0.312,144.361,147153,4
329,Lee Seung Chul ,5Ecf8RR2UWFAvyeItabffF,이승철 Best of Best,3aBYqXTKwqR2rhEynFnIpt,비와 당신의 이야기,5aIGjA0OJHLcN3EEq6JJIJ,0.327,0.413,6,-10.017,0,0.0383,0.0147,0.00455,0.141,0.155,127.486,331578,4
330,Lee Seung Chul ,5Ecf8RR2UWFAvyeItabffF,이승철 Best of Best,3aBYqXTKwqR2rhEynFnIpt,사랑하고 싶어,6Ju6LYUFRqHH3z7F7oVSYx,0.537,0.306,0,-10.616,1,0.0257,0.00204,2.4e-05,0.12,0.0539,92.849,303783,4
331,Lee Seung Chul ,5Ecf8RR2UWFAvyeItabffF,이승철 Best of Best,3aBYqXTKwqR2rhEynFnIpt,마지막 나의 모습,4QkTXlbTtvn4KS4iQRbJO4,0.579,0.582,5,-6.758,0,0.0306,0.0399,8.21e-06,0.3,0.347,72.411,241664,4
332,Lee Seung Chul ,5Ecf8RR2UWFAvyeItabffF,이승철 Best of Best,3aBYqXTKwqR2rhEynFnIpt,노을 그리고 나,5i1abvkU39RHGpIGSCUOjJ,0.419,0.328,9,-12.542,0,0.0305,0.0772,1.79e-06,0.0899,0.146,144.098,261935,4
333,Lee Seung Chul ,5Ecf8RR2UWFAvyeItabffF,이승철 Best of Best,3aBYqXTKwqR2rhEynFnIpt,다시 날 그리워 할쯤엔,6kaZxgYLqjitfWL4vJ4xry,0.576,0.467,11,-9.841,0,0.0301,0.00838,0.000121,0.281,0.416,83.005,312691,4
334,Lee Seung Chul ,5Ecf8RR2UWFAvyeItabffF,이승철 Best of Best,3aBYqXTKwqR2rhEynFnIpt,오늘도 난,7J3aEhSx3MlF6TEfu8STIc,0.795,0.83,2,-8.365,1,0.0801,0.00243,2.11e-06,0.161,0.769,132.066,215933,4
335,Lee Seung Chul ,5Ecf8RR2UWFAvyeItabffF,이승철 Best of Best,3aBYqXTKwqR2rhEynFnIpt,소녀시대,4THbrqgH9jdpj1fc4vAide,0.775,0.726,9,-8.707,0,0.157,0.0103,0.000372,0.0882,0.56,108.186,276355,4
336,Lee Seung Chul ,5Ecf8RR2UWFAvyeItabffF,이승철 Best of Best,3aBYqXTKwqR2rhEynFnIpt,발레리나 걸,7tUG0aDxYNfURcJgsJ3hoj,0.72,0.591,1,-8.802,1,0.182,0.00284,0.0,0.0697,0.463,112.225,242108,4
337,Lee Seung Chul ,5Ecf8RR2UWFAvyeItabffF,이승철 Best of Best,3aBYqXTKwqR2rhEynFnIpt,아이러니,4M4ARVmdX9dtmNxqMdhjce,0.759,0.645,4,-9.434,0,0.0633,0.00362,0.0,0.0575,0.392,103.98,280822,4
338,Lee Seung Chul ,5Ecf8RR2UWFAvyeItabffF,이승철 Best of Best,3aBYqXTKwqR2rhEynFnIpt,그대가 나에게,34Eggb5V2ltYko7mDK0ly5,0.424,0.245,2,-11.965,0,0.0299,0.0456,0.0012,0.156,0.101,144.002,261961,4
339,Lee Seung Chul ,5Ecf8RR2UWFAvyeItabffF,이승철 Best of Best,3aBYqXTKwqR2rhEynFnIpt,외면,5XmCidwiWbU31hUUTVkuIp,0.49,0.472,5,-11.148,0,0.0325,0.0186,0.0,0.0964,0.142,136.167,227427,4
340,Lee Seung Chul ,5Ecf8RR2UWFAvyeItabffF,이승철 Best of Best,3aBYqXTKwqR2rhEynFnIpt,슬픈 사슴,7lJB31kQJSliSE38sPauwz,0.523,0.341,7,-9.422,1,0.0316,0.0214,0.000407,0.212,0.133,120.05,263006,4
341,Lee Seung Chul ,5Ecf8RR2UWFAvyeItabffF,이승철 Best of Best,3aBYqXTKwqR2rhEynFnIpt,안녕이라고 말하지마 Live Version,7kYYHK3R3CeENkKDvqzRDe,0.429,0.544,4,-8.232,0,0.0326,0.0158,1.39e-06,0.478,0.287,76.112,247489,4
342,Lee Seung Chul ,5Ecf8RR2UWFAvyeItabffF,이승철 Best of Best,3aBYqXTKwqR2rhEynFnIpt,마지막 콘서트,27P98sh9tMjChIvDj30zql,0.451,0.201,0,-12.424,1,0.0297,0.58,0.00485,0.0782,0.094,160.041,262562,4
343,Lee Seung Chul ,5Ecf8RR2UWFAvyeItabffF,이승철 Best of Best,3aBYqXTKwqR2rhEynFnIpt,오직 너뿐인 나를,0wT1YFpC5Hhm36Y8DYj1lx,0.521,0.473,11,-8.494,1,0.0314,0.0389,0.0,0.218,0.138,112.06,252714,4
344,Lee Seung Chul ,5Ecf8RR2UWFAvyeItabffF,이승철 Best of Best,3aBYqXTKwqR2rhEynFnIpt,친구의 친구를 사랑했네,1MbOUyv8yJC3vjVHt125MG,0.546,0.662,4,-8.547,1,0.0378,0.104,0.00228,0.0867,0.226,115.046,246601,4
345,Lee Seung Chul ,5Ecf8RR2UWFAvyeItabffF,이승철 Best of Best,3aBYqXTKwqR2rhEynFnIpt,회상,5bWoKhbZA2APoiex55NCtD,0.544,0.343,0,-10.777,1,0.0292,0.0445,8.79e-05,0.318,0.0905,104.172,260603,4
346,Lee Seung Chul ,5Ecf8RR2UWFAvyeItabffF,이승철 Best of Best,3aBYqXTKwqR2rhEynFnIpt,잠도 오지 않는 밤에,3vW5DR8tZzyr2APe7kIlTv,0.444,0.309,0,-10.49,1,0.027,0.00592,1.91e-05,0.114,0.095,108.676,240854,3
347,Lee Seung Chul ,5Ecf8RR2UWFAvyeItabffF,이승철 Best of Best,3aBYqXTKwqR2rhEynFnIpt,이순간은 언제나,07MjUOAhM0lXboUs4R748S,0.647,0.802,0,-10.842,1,0.0664,0.0583,4.31e-05,0.268,0.779,130.06,251747,4
348,Lee Seung Chul ,5Ecf8RR2UWFAvyeItabffF,이승철 Best of Best,3aBYqXTKwqR2rhEynFnIpt,발레리나 걸 2,03n66DQrN8Kk36d5dywiJX,0.556,0.79,0,-7.9,0,0.0556,0.26,0.0,0.268,0.807,140.134,231868,4
349,Lee Seung Chul ,5Ecf8RR2UWFAvyeItabffF,이승철 Best of Best,3aBYqXTKwqR2rhEynFnIpt,실수 투성이,5b8DUigd1Vt35fQVNVbBU1,0.604,0.646,7,-10.576,1,0.169,0.0303,0.0,0.321,0.75,93.666,252322,4
350,Lee Seung Chul ,5Ecf8RR2UWFAvyeItabffF,이승철 Best of Best,3aBYqXTKwqR2rhEynFnIpt,떠나야 할땐,4XRRIi4RhNYrzJGzLOBySk,0.204,0.201,7,-11.436,0,0.0322,0.355,0.00264,0.298,0.0783,75.42,360051,3
351,Lee Seung Chul ,5Ecf8RR2UWFAvyeItabffF,이승철 Best of Best,3aBYqXTKwqR2rhEynFnIpt,낮잠자는 아이,4KsXVnL4oTi4zz7KvrPOqa,0.632,0.444,7,-10.553,1,0.0287,0.00688,0.000428,0.0853,0.304,126.83,274500,4
352,Lee Seung Chul ,5Ecf8RR2UWFAvyeItabffF,이승철 Best of Best,3aBYqXTKwqR2rhEynFnIpt,얼만큼,5gCOCIbHR5BLJAlFZISnpB,0.44,0.339,8,-9.842,1,0.032,0.387,6.87e-05,0.0881,0.135,74.941,269485,4
353,Lee Seung Chul ,5Ecf8RR2UWFAvyeItabffF,이승철 Best of Best,3aBYqXTKwqR2rhEynFnIpt,그녀는 새침떼기,4q8zq1GJnLI2mnVu8KRPiD,0.884,0.577,7,-9.841,1,0.137,0.000452,0.000152,0.0745,0.817,106.093,240802,4
354,Lee Seung Chul ,5Ecf8RR2UWFAvyeItabffF,이승철 Best of Best,3aBYqXTKwqR2rhEynFnIpt,떠나는 저녁,4uIROWyhTbOB37Ur0CVS5c,0.37,0.545,4,-7.388,0,0.0325,0.000188,0.0204,0.184,0.06,139.311,274369,4
355,Lee Seung Chul ,5Ecf8RR2UWFAvyeItabffF,이승철 Best of Best,3aBYqXTKwqR2rhEynFnIpt,작은 창가,0uPlpjh14HdXiJi1MvHuRq,0.501,0.0591,0,-18.985,1,0.0603,0.725,0.0112,0.0888,0.122,129.496,239313,4
356,Lee Seung Chul ,5Ecf8RR2UWFAvyeItabffF,이승철 Best of Best,3aBYqXTKwqR2rhEynFnIpt,마지막 콘서트 Live Version,0Xts8Q5VeFOrYLAt7VGpRz,0.21,0.313,0,-14.403,1,0.0363,0.0453,0.0421,0.92,0.0706,139.199,358040,4
